0.000000,0.000000,0.500000,0.000000,0.000000
0.000044,-0.000042,0.500000,0.000000,1.570796
0.000593,-0.000035,0.500000,0.000000,0.426799
0.002004,0.000002,0.500000,0.000000,0.055857
0.004267,0.000014,0.500000,0.000000,0.009843
0.007323,0.000024,0.500000,0.000000,0.001420
0.010944,0.000042,0.500000,0.000000,0.003872
0.014941,0.000065,0.500000,0.000000,0.004384
0.019199,0.000091,0.500000,0.000000,0.005841
0.023620,0.000100,0.500000,0.000000,0.005545
0.028140,0.000094,0.500000,0.000000,0.001898
0.032754,0.000106,0.500000,0.000000,0.001457
0.037451,0.000142,0.500000,0.000000,0.005547
0.042190,0.000188,0.500000,0.000000,0.009005
0.046942,0.000235,0.500000,0.000000,0.009623
0.051692,0.000281,0.500000,0.000000,0.009396
0.056435,0.000330,0.500000,0.000000,0.009071
0.061169,0.000372,0.500000,0.000000,0.010220
0.065894,0.000394,0.500000,0.000000,0.006494
0.070607,0.000402,0.500000,0.000000,0.001745
0.075318,0.000406,0.500000,0.000000,0.000320
0.080041,0.000408,0.500000,0.000000,0.000062
0.084769,0.000412,0.500000,0.000000,0.000062
0.089495,0.000414,0.500000,0.000000,0.000236
0.094206,0.000410,0.500000,0.000000,0.001010
0.098906,0.000408,0.500000,0.000000,0.002555
0.103611,0.000405,0.500000,0.000000,0.000183
0.108340,0.000392,0.500000,0.000000,0.002519
0.113074,0.000353,0.500000,0.000000,0.005038
0.117765,0.000285,0.500000,0.000000,0.013091
0.122394,0.000193,0.500000,0.000000,0.018355
0.126970,0.000085,0.500000,0.000000,0.023943
0.131522,0.000007,0.500000,0.000000,0.026019
0.136105,-0.000041,0.500000,0.000000,0.012061
0.140712,-0.000102,0.500000,0.000000,0.013391
0.145241,-0.000205,0.500000,0.000000,0.017870
0.149517,-0.000386,0.500000,0.000000,0.035110
0.154170,-0.000299,0.500000,0.000000,0.052994
0.158806,-0.000311,0.500000,0.000000,0.029100
0.163502,-0.000339,0.500000,0.000000,0.012160
0.168199,-0.000310,0.500000,0.000000,0.001886
0.172889,-0.000256,0.500000,0.000000,0.012179
0.177609,-0.000181,0.500000,0.000000,0.012737
0.182358,-0.000065,0.500000,0.000000,0.021547
0.187088,0.000100,0.500000,0.000000,0.029929
0.191811,0.000303,0.500000,0.000000,0.042544
0.196554,0.000517,0.500000,0.000000,0.046578
0.201333,0.000738,0.500000,0.000000,0.047261
0.206179,0.000959,0.500000,0.000000,0.049168
0.210970,0.001186,0.500000,0.000000,0.045765
0.215618,0.001436,0.500000,0.000000,0.057586
0.220386,0.001606,0.500000,0.000000,0.047036
0.225123,0.001655,0.500000,0.000000,0.019938
0.229794,0.001643,0.500000,0.000000,0.003789
0.234458,0.001610,0.500000,0.000000,0.008276
0.239138,0.001614,0.500000,0.000000,0.003640
0.243798,0.001644,0.500000,0.000000,0.008012
0.248396,0.001676,0.500000,0.000000,0.006825
0.252953,0.001718,0.500000,0.000000,0.008376
0.257492,0.001740,0.500000,0.000000,0.011527
0.262027,0.001725,0.500000,0.000000,0.000955
0.266607,0.001717,0.500000,0.000000,0.004684
0.271412,0.001815,0.500000,0.000000,0.035206
0.276277,0.001936,0.500000,0.000000,0.007110
0.281142,0.002069,0.500000,0.000000,0.037671
0.285917,0.002158,0.500000,0.000000,0.020418
0.290638,0.002229,0.500000,0.000000,0.017387
0.295319,0.002281,0.500000,0.000000,0.012923
0.299987,0.002324,0.500000,0.000000,0.009619
0.304665,0.002368,0.500000,0.000000,0.009350
0.309350,0.002413,0.500000,0.000000,0.009263
0.314035,0.002466,0.500000,0.000000,0.010188
0.318718,0.002530,0.500000,0.000000,0.012330
0.323391,0.002606,0.500000,0.000000,0.015146
0.328053,0.002689,0.500000,0.000000,0.017001
0.332699,0.002781,0.500000,0.000000,0.018654
0.337358,0.002884,0.500000,0.000000,0.020723
0.342047,0.002992,0.500000,0.000000,0.023044
0.346749,0.003095,0.500000,0.000000,0.022414
0.351435,0.003199,0.500000,0.000000,0.019200
0.356102,0.003351,0.500000,0.000000,0.024419
0.360722,0.003541,0.500000,0.000000,0.039512
0.365305,0.003721,0.500000,0.000000,0.040923
0.369868,0.003871,0.500000,0.000000,0.035495
0.374450,0.003996,0.500000,0.000000,0.027975
0.379069,0.004105,0.500000,0.000000,0.023762
0.383721,0.004194,0.500000,0.000000,0.020678
0.388373,0.004256,0.500000,0.000000,0.014112
0.393033,0.004282,0.500000,0.000000,0.008378
0.398015,0.004285,0.500000,0.000000,0.002276
0.402757,0.004325,0.500000,0.000000,0.001013
0.407426,0.004436,0.500000,0.000000,0.015761
0.412047,0.004606,0.500000,0.000000,0.032146
0.416613,0.004788,0.500000,0.000000,0.041746
0.421157,0.004936,0.500000,0.000000,0.038067
0.425746,0.005054,0.500000,0.000000,0.027865
0.430408,0.005183,0.500000,0.000000,0.024639
0.435107,0.005346,0.500000,0.000000,0.031580
0.439798,0.005550,0.500000,0.000000,0.038574
0.444455,0.005783,0.500000,0.000000,0.049519
0.449068,0.005993,0.500000,0.000000,0.051669
0.453665,0.006158,0.500000,0.000000,0.040595
0.458302,0.006300,0.500000,0.000000,0.033441
0.463016,0.006427,0.500000,0.000000,0.030174
0.467865,0.006526,0.500000,0.000000,0.028742
0.472645,0.006686,0.500000,0.000000,0.014819
0.477383,0.006841,0.500000,0.000000,0.027960
0.482081,0.006945,0.500000,0.000000,0.032805
0.486687,0.006952,0.500000,0.000000,0.011346
0.491246,0.006919,0.500000,0.000000,0.006437
0.495820,0.006891,0.500000,0.000000,0.007013
0.500388,0.006869,0.500000,0.000000,0.003721
0.504895,0.006835,0.500000,0.000000,0.004752
0.509353,0.006801,0.500000,0.000000,0.009096
0.513807,0.006771,0.500000,0.000000,0.005465
0.518278,0.006714,0.500000,0.000000,0.007396
0.522772,0.006632,0.500000,0.000000,0.017262
0.527453,0.006653,0.500000,0.000000,0.018681
0.532161,0.006637,0.500000,0.000000,0.001202
0.536942,0.006690,0.500000,0.000000,0.006516
0.541790,0.006750,0.500000,0.000000,0.017868
0.546585,0.006786,0.500000,0.000000,0.008601
0.551339,0.006814,0.500000,0.000000,0.007114
0.556075,0.006834,0.500000,0.000000,0.004765
0.560821,0.006850,0.500000,0.000000,0.004081
0.565587,0.006861,0.500000,0.000000,0.002703
0.570365,0.006872,0.500000,0.000000,0.002123
0.575143,0.006885,0.500000,0.000000,0.002178
0.579909,0.006903,0.500000,0.000000,0.003312
0.584655,0.006923,0.500000,0.000000,0.003967
0.589385,0.006944,0.500000,0.000000,0.004389
0.594112,0.006961,0.500000,0.000000,0.004355
0.598845,0.006975,0.500000,0.000000,0.002825
0.603586,0.006982,0.500000,0.000000,0.002643
0.608332,0.006979,0.500000,0.000000,0.000045
0.613077,0.006973,0.500000,0.000000,0.001697
0.617798,0.006994,0.500000,0.000000,0.000501
0.622498,0.007043,0.500000,0.000000,0.007142
0.627165,0.007111,0.500000,0.000000,0.012390
0.631792,0.007168,0.500000,0.000000,0.014920
0.636397,0.007196,0.500000,0.000000,0.007653
0.640984,0.007200,0.500000,0.000000,0.002156
0.645570,0.007200,0.500000,0.000000,0.003374
0.650181,0.007244,0.500000,0.000000,0.000367
0.654813,0.007309,0.500000,0.000000,0.014408
0.659437,0.007328,0.500000,0.000000,0.009488
0.663928,0.007264,0.500000,0.000000,0.008853
0.668763,0.007222,0.500000,0.000000,0.000648
0.673404,0.007187,0.500000,0.000000,0.015928
0.678003,0.007270,0.500000,0.000000,0.009213
0.682597,0.007411,0.500000,0.000000,0.027416
0.687190,0.007558,0.500000,0.000000,0.034417
0.691833,0.007674,0.500000,0.000000,0.030499
0.696547,0.007773,0.500000,0.000000,0.020464
0.701281,0.007900,0.500000,0.000000,0.022693
0.705998,0.008069,0.500000,0.000000,0.031910
0.710691,0.008260,0.500000,0.000000,0.041014
0.715359,0.008431,0.500000,0.000000,0.042171
0.720030,0.008571,0.500000,0.000000,0.033213
0.724744,0.008700,0.500000,0.000000,0.029290
0.729539,0.008821,0.500000,0.000000,0.028427
0.734363,0.008967,0.500000,0.000000,0.027317
0.739059,0.009140,0.500000,0.000000,0.043941
0.743786,0.009225,0.500000,0.000000,0.026431
0.748471,0.009215,0.500000,0.000000,0.006602
0.753095,0.009160,0.500000,0.000000,0.008790
0.757719,0.009111,0.500000,0.000000,0.014056
0.762347,0.009080,0.500000,0.000000,0.004830
0.766918,0.009039,0.500000,0.000000,0.006673
0.771426,0.009003,0.500000,0.000000,0.009818
0.775913,0.008969,0.500000,0.000000,0.004895
0.780397,0.008912,0.500000,0.000000,0.009319
0.784904,0.008836,0.500000,0.000000,0.015030
0.789597,0.008879,0.500000,0.000000,0.018044
0.794334,0.008914,0.500000,0.000000,0.006550
0.799100,0.008963,0.500000,0.000000,0.014518
0.803876,0.008991,0.500000,0.000000,0.007269
0.808616,0.009007,0.500000,0.000000,0.005143
0.813323,0.009006,0.500000,0.000000,0.001930
0.818024,0.008995,0.500000,0.000000,0.001806
0.822745,0.008980,0.500000,0.000000,0.002904
0.827482,0.008969,0.500000,0.000000,0.003114
0.832220,0.008966,0.500000,0.000000,0.001538
0.836957,0.008971,0.500000,0.000000,0.000175
0.841683,0.008983,0.500000,0.000000,0.001910
0.846386,0.008999,0.500000,0.000000,0.002769
0.851071,0.009018,0.500000,0.000000,0.003926
0.855767,0.009043,0.500000,0.000000,0.004238
0.860471,0.009064,0.500000,0.000000,0.005800
0.865181,0.009085,0.500000,0.000000,0.003172
0.869895,0.009106,0.500000,0.000000,0.005323
0.874593,0.009144,0.500000,0.000000,0.002996
0.879274,0.009230,0.500000,0.000000,0.013681
0.883933,0.009340,0.500000,0.000000,0.021697
0.888543,0.009435,0.500000,0.000000,0.023506
0.893120,0.009488,0.500000,0.000000,0.015104
0.897698,0.009512,0.500000,0.000000,0.005859
0.902292,0.009534,0.500000,0.000000,0.001688
0.906922,0.009587,0.500000,0.000000,0.004440
0.911560,0.009656,0.500000,0.000000,0.014855
0.916163,0.009684,0.500000,0.000000,0.010438
0.920800,0.009649,0.500000,0.000000,0.005016
0.925613,0.009613,0.500000,0.000000,0.000134
0.930312,0.009605,0.500000,0.000000,0.014136
0.934964,0.009696,0.500000,0.000000,0.011640
0.939574,0.009847,0.500000,0.000000,0.027748
0.944158,0.010006,0.500000,0.000000,0.038170
0.948775,0.010131,0.500000,0.000000,0.031968
0.953463,0.010247,0.500000,0.000000,0.023331
0.958186,0.010393,0.500000,0.000000,0.027540
0.962904,0.010575,0.500000,0.000000,0.035104
0.967598,0.010778,0.500000,0.000000,0.043499
0.972264,0.010952,0.500000,0.000000,0.044246
0.976930,0.011087,0.500000,0.000000,0.032374
0.981636,0.011208,0.500000,0.000000,0.028156
0.986424,0.011319,0.500000,0.000000,0.026211
0.991336,0.011417,0.500000,0.000000,0.023996
0.996081,0.011601,0.500000,0.000000,0.044315
1.000820,0.011702,0.500000,0.000000,0.029705
1.005501,0.011699,0.500000,0.000000,0.009651
1.010105,0.011653,0.500000,0.000000,0.008845
1.014712,0.011616,0.500000,0.000000,0.010455
1.019335,0.011588,0.500000,0.000000,0.003710
1.023906,0.011547,0.500000,0.000000,0.006584
1.028424,0.011511,0.500000,0.000000,0.010083
1.032931,0.011480,0.500000,0.000000,0.004775
1.037445,0.011423,0.500000,0.000000,0.007988
1.041986,0.011341,0.500000,0.000000,0.016324
1.046669,0.011324,0.500000,0.000000,0.018944
1.051443,0.011316,0.500000,0.000000,0.001653
1.056216,0.011325,0.500000,0.000000,0.008479
1.061012,0.011315,0.500000,0.000000,0.002074
1.065784,0.011300,0.500000,0.000000,0.002343
1.070518,0.011278,0.500000,0.000000,0.003248
1.075235,0.011249,0.500000,0.000000,0.005814
1.079961,0.011220,0.500000,0.000000,0.006178
1.084702,0.011192,0.500000,0.000000,0.006066
1.089449,0.011168,0.500000,0.000000,0.005548
1.094194,0.011151,0.500000,0.000000,0.004477
1.098932,0.011142,0.500000,0.000000,0.002676
1.103650,0.011139,0.500000,0.000000,0.001342
1.108352,0.011140,0.500000,0.000000,0.000007
1.113050,0.011141,0.500000,0.000000,0.000332
1.117755,0.011145,0.500000,0.000000,0.000096
1.122470,0.011145,0.500000,0.000000,0.001124
1.127191,0.011135,0.500000,0.000000,0.001501
1.131891,0.011148,0.500000,0.000000,0.003030
1.136573,0.011203,0.500000,0.000000,0.007278
1.141236,0.011278,0.500000,0.000000,0.014599
1.145854,0.011338,0.500000,0.000000,0.015642
1.150447,0.011356,0.500000,0.000000,0.008105
1.155042,0.011339,0.500000,0.000000,0.002903
1.159653,0.011320,0.500000,0.000000,0.007425
1.164288,0.011329,0.500000,0.000000,0.003934
1.168932,0.011349,0.500000,0.000000,0.004038
1.173541,0.011326,0.500000,0.000000,0.000243
1.178157,0.011243,0.500000,0.000000,0.016551
1.182939,0.011161,0.500000,0.000000,0.009638
1.187604,0.011108,0.500000,0.000000,0.023375
1.192222,0.011154,0.500000,0.000000,0.001914
1.196815,0.011260,0.500000,0.000000,0.018605
1.201408,0.011375,0.500000,0.000000,0.027795
1.206055,0.011459,0.500000,0.000000,0.022897
1.210774,0.011534,0.500000,0.000000,0.014533
1.215514,0.011643,0.500000,0.000000,0.018330
1.220235,0.011797,0.500000,0.000000,0.028767
1.224925,0.011964,0.500000,0.000000,0.037937
1.229586,0.012100,0.500000,0.000000,0.034793
1.234255,0.012201,0.500000,0.000000,0.025517
1.238977,0.012287,0.500000,0.000000,0.020794
1.243794,0.012362,0.500000,0.000000,0.018555
1.248566,0.012485,0.500000,0.000000,0.016370
1.253247,0.012600,0.500000,0.000000,0.028011
1.257942,0.012635,0.500000,0.000000,0.016996
1.262592,0.012572,0.500000,0.000000,0.004037
1.267195,0.012469,0.500000,0.000000,0.021032
1.271807,0.012371,0.500000,0.000000,0.023189
1.276424,0.012282,0.500000,0.000000,0.017112
1.280984,0.012185,0.500000,0.000000,0.020056
1.285488,0.012094,0.500000,0.000000,0.021202
1.289976,0.012003,0.500000,0.000000,0.018177
1.294470,0.011887,0.500000,0.000000,0.021479
1.299008,0.011768,0.500000,0.000000,0.029526
1.303761,0.011755,0.500000,0.000000,0.008867
1.308553,0.011749,0.500000,0.000000,0.012728
1.313377,0.011752,0.500000,0.000000,0.006542
1.318180,0.011729,0.500000,0.000000,0.003474
1.322940,0.011699,0.500000,0.000000,0.005560
1.327660,0.011663,0.500000,0.000000,0.006324
1.332365,0.011618,0.500000,0.000000,0.008956
1.337081,0.011572,0.500000,0.000000,0.009667
1.341815,0.011525,0.500000,0.000000,0.009886
1.346559,0.011481,0.500000,0.000000,0.009809
1.351298,0.011446,0.500000,0.000000,0.008605
1.356027,0.011420,0.500000,0.000000,0.006294
1.360740,0.011401,0.500000,0.000000,0.004823
1.365442,0.011387,0.500000,0.000000,0.003359
1.370141,0.011370,0.500000,0.000000,0.002964
1.374853,0.011353,0.500000,0.000000,0.004040
1.379577,0.011331,0.500000,0.000000,0.003563
1.384305,0.011299,0.500000,0.000000,0.006070
1.389018,0.011286,0.500000,0.000000,0.008038
1.393713,0.011310,0.500000,0.000000,0.001413
1.398394,0.011356,0.500000,0.000000,0.007470
1.403029,0.011395,0.500000,0.000000,0.010348
1.407625,0.011396,0.500000,0.000000,0.004188
1.412211,0.011362,0.500000,0.000000,0.005960
1.416805,0.011325,0.500000,0.000000,0.011812
1.421424,0.011327,0.500000,0.000000,0.007455
1.426057,0.011354,0.500000,0.000000,0.004557
1.430677,0.011349,0.500000,0.000000,0.002891
1.435178,0.011262,0.500000,0.000000,0.011753
1.439997,0.011183,0.500000,0.000000,0.007367
1.444658,0.011113,0.500000,0.000000,0.029052
1.449273,0.011147,0.500000,0.000000,0.000320
1.453864,0.011245,0.500000,0.000000,0.016054
1.458451,0.011355,0.500000,0.000000,0.027000
1.463091,0.011434,0.500000,0.000000,0.021791
1.467803,0.011506,0.500000,0.000000,0.013189
1.472531,0.011615,0.500000,0.000000,0.018512
1.477239,0.011767,0.500000,0.000000,0.029008
1.481920,0.011926,0.500000,0.000000,0.036895
1.486582,0.012056,0.500000,0.000000,0.032930
1.491258,0.012154,0.500000,0.000000,0.025007
1.495985,0.012236,0.500000,0.000000,0.019693
1.500807,0.012303,0.500000,0.000000,0.017902
1.505584,0.012411,0.500000,0.000000,0.014163
1.510267,0.012508,0.500000,0.000000,0.024079
1.514968,0.012528,0.500000,0.000000,0.013453
1.519622,0.012449,0.500000,0.000000,0.007336
1.524225,0.012330,0.500000,0.000000,0.024915
1.528840,0.012216,0.500000,0.000000,0.026006
1.533465,0.012106,0.500000,0.000000,0.021151
1.538042,0.011992,0.500000,0.000000,0.024729
1.542568,0.011888,0.500000,0.000000,0.024034
1.547080,0.011781,0.500000,0.000000,0.021005
1.551592,0.011646,0.500000,0.000000,0.025420
1.556142,0.011505,0.500000,0.000000,0.033612
1.560913,0.011478,0.500000,0.000000,0.004793
1.565719,0.011442,0.500000,0.000000,0.014411
1.570537,0.011433,0.500000,0.000000,0.004420
1.575343,0.011398,0.500000,0.000000,0.006156
1.580108,0.011358,0.500000,0.000000,0.007783
1.584833,0.011310,0.500000,0.000000,0.008632
1.589535,0.011256,0.500000,0.000000,0.011187
1.594237,0.011201,0.500000,0.000000,0.011633
1.598955,0.011145,0.500000,0.000000,0.011619
1.603684,0.011091,0.500000,0.000000,0.011687
1.608411,0.011043,0.500000,0.000000,0.011366
1.613131,0.011004,0.500000,0.000000,0.008983
1.617841,0.010973,0.500000,0.000000,0.007253
1.622539,0.010946,0.500000,0.000000,0.006126
1.627229,0.010918,0.500000,0.000000,0.005632
1.631929,0.010885,0.500000,0.000000,0.006862
1.636643,0.010846,0.500000,0.000000,0.007269
1.641368,0.010795,0.500000,0.000000,0.009975
1.646097,0.010741,0.500000,0.000000,0.011844
1.650803,0.010718,0.500000,0.000000,0.009253
1.655492,0.010730,0.500000,0.000000,0.001897
1.660149,0.010752,0.500000,0.000000,0.005464
1.664763,0.010747,0.500000,0.000000,0.002201
1.669361,0.010703,0.500000,0.000000,0.006741
1.673957,0.010640,0.500000,0.000000,0.014775
1.678564,0.010594,0.500000,0.000000,0.015429
1.683219,0.010575,0.500000,0.000000,0.008246
1.687897,0.010551,0.500000,0.000000,0.003805
1.692474,0.010457,0.500000,0.000000,0.011117
1.697138,0.010359,0.500000,0.000000,0.035550
1.701821,0.010277,0.500000,0.000000,0.005184
1.706450,0.010234,0.500000,0.000000,0.021251
1.711050,0.010276,0.500000,0.000000,0.003618
1.715625,0.010351,0.500000,0.000000,0.015268
1.720225,0.010419,0.500000,0.000000,0.018120
1.724907,0.010470,0.500000,0.000000,0.012211
1.729643,0.010528,0.500000,0.000000,0.010438
1.734370,0.010621,0.500000,0.000000,0.015322
1.739070,0.010755,0.500000,0.000000,0.025419
1.743738,0.010887,0.500000,0.000000,0.033273
1.748399,0.010978,0.500000,0.000000,0.024917
1.753094,0.011040,0.500000,0.000000,0.016852
1.757864,0.011082,0.500000,0.000000,0.012223
1.762704,0.011123,0.500000,0.000000,0.008606
1.767379,0.011253,0.500000,0.000000,0.036335
1.772096,0.011287,0.500000,0.000000,0.016365
1.776806,0.011217,0.500000,0.000000,0.005572
1.781444,0.011101,0.500000,0.000000,0.021229
1.786076,0.010988,0.500000,0.000000,0.027840
1.790718,0.010901,0.500000,0.000000,0.018430
1.795304,0.010804,0.500000,0.000000,0.017120
1.799825,0.010711,0.500000,0.000000,0.023260
1.804329,0.010629,0.500000,0.000000,0.016576
1.808831,0.010529,0.500000,0.000000,0.018668
1.813342,0.010408,0.500000,0.000000,0.024912
1.817946,0.010317,0.500000,0.000000,0.027665
1.822728,0.010271,0.500000,0.000000,0.003900
1.827507,0.010241,0.500000,0.000000,0.000235
1.832300,0.010188,0.500000,0.000000,0.010986
1.837072,0.010124,0.500000,0.000000,0.011817
1.841801,0.010046,0.500000,0.000000,0.014344
1.846508,0.009956,0.500000,0.000000,0.018485
1.851224,0.009862,0.500000,0.000000,0.019511
1.855955,0.009767,0.500000,0.000000,0.020229
1.860693,0.009674,0.500000,0.000000,0.019895
1.865432,0.009587,0.500000,0.000000,0.019055
1.870162,0.009504,0.500000,0.000000,0.017977
1.874874,0.009425,0.500000,0.000000,0.017317
1.879571,0.009347,0.500000,0.000000,0.016607
1.884265,0.009268,0.500000,0.000000,0.016158
1.888970,0.009194,0.500000,0.000000,0.017111
1.893683,0.009121,0.500000,0.000000,0.014960
1.898397,0.009042,0.500000,0.000000,0.016363
1.903088,0.008990,0.500000,0.000000,0.017278
1.907760,0.008984,0.500000,0.000000,0.006121
1.912421,0.009000,0.500000,0.000000,0.002022
1.917046,0.009004,0.500000,0.000000,0.002875
1.921644,0.008968,0.500000,0.000000,0.003598
1.926230,0.008897,0.500000,0.000000,0.014256
1.930822,0.008817,0.500000,0.000000,0.019539
1.935435,0.008759,0.500000,0.000000,0.018575
1.940060,0.008716,0.500000,0.000000,0.010245
1.944682,0.008649,0.500000,0.000000,0.012673
1.949215,0.008508,0.500000,0.000000,0.022992
1.954058,0.008357,0.500000,0.000000,0.025188
1.958732,0.008218,0.500000,0.000000,0.043512
1.963351,0.008180,0.500000,0.000000,0.015420
1.967937,0.008214,0.500000,0.000000,0.000138
1.972509,0.008274,0.500000,0.000000,0.015067
1.977118,0.008306,0.500000,0.000000,0.011992
1.981804,0.008324,0.500000,0.000000,0.002799
1.986529,0.008364,0.500000,0.000000,0.005714
1.991245,0.008443,0.500000,0.000000,0.012537
1.995930,0.008548,0.500000,0.000000,0.021857
2.000577,0.008633,0.500000,0.000000,0.024589
2.005221,0.008679,0.500000,0.000000,0.013690
2.009904,0.008706,0.500000,0.000000,0.008715
2.014662,0.008717,0.500000,0.000000,0.005791
2.019528,0.008707,0.500000,0.000000,0.003480
2.024247,0.008793,0.500000,0.000000,0.021041
2.028965,0.008807,0.500000,0.000000,0.012069
2.033639,0.008716,0.500000,0.000000,0.009922
2.038247,0.008586,0.500000,0.000000,0.026651
2.042857,0.008469,0.500000,0.000000,0.029072
2.047480,0.008365,0.500000,0.000000,0.019484
2.052047,0.008241,0.500000,0.000000,0.023579
2.056550,0.008117,0.500000,0.000000,0.029390
2.061040,0.007999,0.500000,0.000000,0.024597
2.065532,0.007861,0.500000,0.000000,0.027223
2.070050,0.007705,0.500000,0.000000,0.033127
2.074760,0.007653,0.500000,0.000000,0.035114
2.079505,0.007594,0.500000,0.000000,0.013982
2.084272,0.007549,0.500000,0.000000,0.005571
2.089052,0.007489,0.500000,0.000000,0.011336
2.093798,0.007417,0.500000,0.000000,0.013431
2.098505,0.007333,0.500000,0.000000,0.016352
2.103205,0.007243,0.500000,0.000000,0.018997
2.107921,0.007150,0.500000,0.000000,0.019451
2.112648,0.007057,0.500000,0.000000,0.019838
2.117377,0.006970,0.500000,0.000000,0.019319
2.122101,0.006890,0.500000,0.000000,0.017698
2.126810,0.006817,0.500000,0.000000,0.016097
2.131499,0.006748,0.500000,0.000000,0.015170
2.136178,0.006680,0.500000,0.000000,0.014382
2.140867,0.006614,0.500000,0.000000,0.014491
2.145575,0.006550,0.500000,0.000000,0.013732
2.150288,0.006474,0.500000,0.000000,0.013503
2.155002,0.006398,0.500000,0.000000,0.018494
2.159690,0.006362,0.500000,0.000000,0.014404
2.164352,0.006372,0.500000,0.000000,0.002037
2.168999,0.006394,0.500000,0.000000,0.004591
2.173604,0.006393,0.500000,0.000000,0.002965
2.178186,0.006355,0.500000,0.000000,0.005667
2.182768,0.006294,0.500000,0.000000,0.013516
2.187360,0.006234,0.500000,0.000000,0.016018
2.191991,0.006197,0.500000,0.000000,0.013369
2.196639,0.006160,0.500000,0.000000,0.006745
2.201243,0.006082,0.500000,0.000000,0.013405
2.205859,0.005953,0.500000,0.000000,0.027244
2.210639,0.005807,0.500000,0.000000,0.017670
2.215313,0.005694,0.500000,0.000000,0.035436
2.219924,0.005671,0.500000,0.000000,0.011560
2.224504,0.005696,0.500000,0.000000,0.002035
2.229086,0.005731,0.500000,0.000000,0.009687
2.233731,0.005744,0.500000,0.000000,0.006121
2.238450,0.005758,0.500000,0.000000,0.000668
2.243186,0.005802,0.500000,0.000000,0.006057
2.247901,0.005887,0.500000,0.000000,0.013846
2.252583,0.005986,0.500000,0.000000,0.023344
2.257235,0.006049,0.500000,0.000000,0.020869
2.261894,0.006069,0.500000,0.000000,0.008107
2.266615,0.006069,0.500000,0.000000,0.003393
2.271439,0.006052,0.500000,0.000000,0.000514
2.276301,0.006057,0.500000,0.000000,0.002668
2.281004,0.006118,0.500000,0.000000,0.015526
2.285707,0.006108,0.500000,0.000000,0.006588
2.290360,0.006000,0.500000,0.000000,0.013716
2.294951,0.005852,0.500000,0.000000,0.030760
2.299552,0.005707,0.500000,0.000000,0.032850
2.304168,0.005562,0.500000,0.000000,0.028381
2.308734,0.005402,0.500000,0.000000,0.032623
2.313247,0.005252,0.500000,0.000000,0.035737
2.317741,0.005111,0.500000,0.000000,0.029670
2.322234,0.004947,0.500000,0.000000,0.032166
2.326746,0.004759,0.500000,0.000000,0.040134
2.331442,0.004686,0.500000,0.000000,0.042204
2.336181,0.004588,0.500000,0.000000,0.018240
2.340942,0.004514,0.500000,0.000000,0.009801
2.345732,0.004425,0.500000,0.000000,0.018617
2.350500,0.004333,0.500000,0.000000,0.018512
2.355228,0.004231,0.500000,0.000000,0.019611
2.359932,0.004119,0.500000,0.000000,0.023194
2.364640,0.004004,0.500000,0.000000,0.023943
2.369359,0.003888,0.500000,0.000000,0.024671
2.374086,0.003776,0.500000,0.000000,0.024349
2.378817,0.003669,0.500000,0.000000,0.023298
2.383546,0.003569,0.500000,0.000000,0.021695
2.388263,0.003473,0.500000,0.000000,0.020822
2.392961,0.003380,0.500000,0.000000,0.020063
2.397650,0.003285,0.500000,0.000000,0.019706
2.402346,0.003188,0.500000,0.000000,0.020705
2.407059,0.003090,0.500000,0.000000,0.020796
2.411776,0.002980,0.500000,0.000000,0.021070
2.416493,0.002868,0.500000,0.000000,0.025461
2.421198,0.002769,0.500000,0.000000,0.022539
2.425868,0.002714,0.500000,0.000000,0.017611
2.430519,0.002691,0.500000,0.000000,0.007023
2.435138,0.002660,0.500000,0.000000,0.004936
2.439729,0.002600,0.500000,0.000000,0.010409
2.444309,0.002511,0.500000,0.000000,0.017917
2.448894,0.002413,0.500000,0.000000,0.023794
2.453499,0.002336,0.500000,0.000000,0.022242
2.458115,0.002272,0.500000,0.000000,0.014815
2.462738,0.002188,0.500000,0.000000,0.016974
2.467274,0.002034,0.500000,0.000000,0.025901
2.472119,0.001868,0.500000,0.000000,0.030764
2.476788,0.001724,0.500000,0.000000,0.044285
2.481405,0.001683,0.500000,0.000000,0.016488
2.486002,0.001701,0.500000,0.000000,0.000706
2.490596,0.001733,0.500000,0.000000,0.009045
2.495232,0.001737,0.500000,0.000000,0.005574
2.499941,0.001722,0.500000,0.000000,0.003009
2.504671,0.001726,0.500000,0.000000,0.002151
2.509378,0.001767,0.500000,0.000000,0.004935
2.514051,0.001825,0.500000,0.000000,0.013822
2.518691,0.001855,0.500000,0.000000,0.012355
2.523339,0.001853,0.500000,0.000000,0.002764
2.528046,0.001831,0.500000,0.000000,0.001235
2.532854,0.001795,0.500000,0.000000,0.004903
2.537704,0.001772,0.500000,0.000000,0.006540
2.542415,0.001798,0.500000,0.000000,0.006671
2.547128,0.001762,0.500000,0.000000,0.000548
2.551798,0.001635,0.500000,0.000000,0.017957
2.556415,0.001469,0.500000,0.000000,0.034604
2.561035,0.001313,0.500000,0.000000,0.036310
2.565665,0.001162,0.500000,0.000000,0.029285
2.570242,0.000993,0.500000,0.000000,0.034495
2.574759,0.000829,0.500000,0.000000,0.037768
2.579257,0.000666,0.500000,0.000000,0.034056
2.583754,0.000477,0.500000,0.000000,0.037668
2.588273,0.000266,0.500000,0.000000,0.045282
2.592982,0.000158,0.500000,0.000000,0.047437
2.597723,0.000023,0.500000,0.000000,0.026810
2.602488,-0.000076,0.500000,0.000000,0.016779
2.607275,-0.000192,0.500000,0.000000,0.023544
2.612035,-0.000312,0.500000,0.000000,0.023842
2.616757,-0.000444,0.500000,0.000000,0.026317
2.621464,-0.000582,0.500000,0.000000,0.029341
2.626186,-0.000720,0.500000,0.000000,0.029005
2.630922,-0.000857,0.500000,0.000000,0.029197
2.635665,-0.000992,0.500000,0.000000,0.028971
2.640407,-0.001120,0.500000,0.000000,0.027886
2.645141,-0.001238,0.500000,0.000000,0.025878
2.649857,-0.001349,0.500000,0.000000,0.024262
2.654557,-0.001456,0.500000,0.000000,0.023121
2.659253,-0.001567,0.500000,0.000000,0.022551
2.663960,-0.001674,0.500000,0.000000,0.024077
2.668677,-0.001782,0.500000,0.000000,0.022047
2.673399,-0.001898,0.500000,0.000000,0.023819
2.678103,-0.001994,0.500000,0.000000,0.025947
2.682790,-0.002054,0.500000,0.000000,0.015772
2.687469,-0.002093,0.500000,0.000000,0.011506
2.692113,-0.002132,0.500000,0.000000,0.006912
2.696723,-0.002212,0.500000,0.000000,0.012316
2.701324,-0.002333,0.500000,0.000000,0.024925
2.705920,-0.002469,0.500000,0.000000,0.030354
2.710525,-0.002588,0.500000,0.000000,0.031806
2.715133,-0.002684,0.500000,0.000000,0.023561
2.719735,-0.002800,0.500000,0.000000,0.022190
2.724241,-0.002996,0.500000,0.000000,0.034589
2.729054,-0.003203,0.500000,0.000000,0.038203
2.733704,-0.003392,0.500000,0.000000,0.052538
2.738299,-0.003488,0.500000,0.000000,0.028095
2.742875,-0.003514,0.500000,0.000000,0.012355
2.747456,-0.003514,0.500000,0.000000,0.001502
2.752101,-0.003535,0.500000,0.000000,0.000800
2.756819,-0.003566,0.500000,0.000000,0.007443
2.761545,-0.003566,0.500000,0.000000,0.004310
2.766243,-0.003526,0.500000,0.000000,0.005624
2.770912,-0.003482,0.500000,0.000000,0.012878
2.775567,-0.003470,0.500000,0.000000,0.007481
2.780245,-0.003486,0.500000,0.000000,0.000226
2.784994,-0.003525,0.500000,0.000000,0.004461
2.789849,-0.003587,0.500000,0.000000,0.009144
2.794564,-0.003580,0.500000,0.000000,0.011981
2.799249,-0.003612,0.500000,0.000000,0.008449
2.803944,-0.003697,0.500000,0.000000,0.009989
2.808579,-0.003869,0.500000,0.000000,0.027822
2.813162,-0.004076,0.500000,0.000000,0.044496
2.817760,-0.004280,0.500000,0.000000,0.045153
2.822367,-0.004483,0.500000,0.000000,0.041410
2.826921,-0.004696,0.500000,0.000000,0.045072
2.831417,-0.004897,0.500000,0.000000,0.047098
2.835894,-0.005088,0.500000,0.000000,0.041330
2.840374,-0.005303,0.500000,0.000000,0.043176
2.844897,-0.005526,0.500000,0.000000,0.052074
2.849639,-0.005643,0.500000,0.000000,0.014176
2.854423,-0.005752,0.500000,0.000000,0.034002
2.859242,-0.005851,0.500000,0.000000,0.014725
2.864048,-0.005974,0.500000,0.000000,0.024749
2.868817,-0.006097,0.500000,0.000000,0.025593
2.873544,-0.006225,0.500000,0.000000,0.025545
2.878249,-0.006362,0.500000,0.000000,0.028456
2.882958,-0.006500,0.500000,0.000000,0.029207
2.887685,-0.006641,0.500000,0.000000,0.029599
2.892425,-0.006782,0.500000,0.000000,0.029873
2.897166,-0.006916,0.500000,0.000000,0.029413
2.901900,-0.007041,0.500000,0.000000,0.027209
2.906622,-0.007158,0.500000,0.000000,0.025528
2.911334,-0.007272,0.500000,0.000000,0.024341
2.916045,-0.007388,0.500000,0.000000,0.024191
2.920762,-0.007511,0.500000,0.000000,0.025347
2.925488,-0.007637,0.500000,0.000000,0.026894
2.930220,-0.007769,0.500000,0.000000,0.026889
2.934951,-0.007909,0.500000,0.000000,0.029049
2.939660,-0.008026,0.500000,0.000000,0.030493
2.944348,-0.008106,0.500000,0.000000,0.020089
2.949016,-0.008169,0.500000,0.000000,0.015581
2.953644,-0.008239,0.500000,0.000000,0.013186
2.958240,-0.008339,0.500000,0.000000,0.019221
2.962817,-0.008469,0.500000,0.000000,0.026482
2.967396,-0.008605,0.500000,0.000000,0.032841
2.971997,-0.008709,0.500000,0.000000,0.029646
2.976617,-0.008796,0.500000,0.000000,0.019397
2.981241,-0.008915,0.500000,0.000000,0.022678
2.985746,-0.009110,0.500000,0.000000,0.035313
2.990553,-0.009309,0.500000,0.000000,0.032749
2.995200,-0.009493,0.500000,0.000000,0.054653
2.999803,-0.009571,0.500000,0.000000,0.023989
3.004386,-0.009586,0.500000,0.000000,0.008857
3.008980,-0.009584,0.500000,0.000000,0.002816
3.013640,-0.009609,0.500000,0.000000,0.001477
3.018365,-0.009646,0.500000,0.000000,0.008198
3.023088,-0.009654,0.500000,0.000000,0.006195
3.027783,-0.009621,0.500000,0.000000,0.004024
3.032448,-0.009582,0.500000,0.000000,0.011737
3.037103,-0.009573,0.500000,0.000000,0.006567
3.041784,-0.009592,0.500000,0.000000,0.000141
3.046533,-0.009632,0.500000,0.000000,0.005309
3.051382,-0.009693,0.500000,0.000000,0.008802
3.056086,-0.009685,0.500000,0.000000,0.012065
3.060769,-0.009722,0.500000,0.000000,0.008303
3.065473,-0.009813,0.500000,0.000000,0.011870
3.070122,-0.009988,0.500000,0.000000,0.028516
3.074722,-0.010197,0.500000,0.000000,0.044719
3.079334,-0.010398,0.500000,0.000000,0.045107
3.083952,-0.010597,0.500000,0.000000,0.040178
3.088516,-0.010808,0.500000,0.000000,0.044366
3.093020,-0.011010,0.500000,0.000000,0.046814
3.097504,-0.011207,0.500000,0.000000,0.041802
3.101988,-0.011430,0.500000,0.000000,0.045012
3.106511,-0.011658,0.500000,0.000000,0.053509
3.111258,-0.011782,0.500000,0.000000,0.014369
3.116051,-0.011915,0.500000,0.000000,0.036168
3.120862,-0.012012,0.500000,0.000000,0.014280
3.125662,-0.012136,0.500000,0.000000,0.024491
3.130426,-0.012266,0.500000,0.000000,0.026368
3.135150,-0.012406,0.500000,0.000000,0.027900
3.139853,-0.012554,0.500000,0.000000,0.030949
3.144563,-0.012704,0.500000,0.000000,0.031486
3.149290,-0.012857,0.500000,0.000000,0.032150
3.154031,-0.013009,0.500000,0.000000,0.032498
3.158775,-0.013156,0.500000,0.000000,0.031783
3.163514,-0.013296,0.500000,0.000000,0.030077
3.168241,-0.013430,0.500000,0.000000,0.028930
3.172954,-0.013561,0.500000,0.000000,0.028014
3.177662,-0.013697,0.500000,0.000000,0.028074
3.182382,-0.013839,0.500000,0.000000,0.029757
3.187105,-0.013991,0.500000,0.000000,0.030784
3.191832,-0.014146,0.500000,0.000000,0.033436
3.196554,-0.014299,0.500000,0.000000,0.032484
3.201251,-0.014428,0.500000,0.000000,0.032906
3.205928,-0.014515,0.500000,0.000000,0.022945
3.210585,-0.014585,0.500000,0.000000,0.015891
3.215207,-0.014669,0.500000,0.000000,0.016007
3.219804,-0.014780,0.500000,0.000000,0.022255
3.224381,-0.014920,0.500000,0.000000,0.028660
3.228958,-0.015068,0.500000,0.000000,0.035042
3.233559,-0.015186,0.500000,0.000000,0.032726
3.238178,-0.015300,0.500000,0.000000,0.022526
3.242790,-0.015458,0.500000,0.000000,0.031185
3.247270,-0.015692,0.500000,0.000000,0.044012
3.252067,-0.015925,0.500000,0.000000,0.040168
3.256710,-0.016146,0.500000,0.000000,0.062602
3.261310,-0.016259,0.500000,0.000000,0.031788
3.265890,-0.016305,0.500000,0.000000,0.016475
3.270482,-0.016331,0.500000,0.000000,0.002943
3.275143,-0.016384,0.500000,0.000000,0.007559
3.279870,-0.016447,0.500000,0.000000,0.014430
3.284602,-0.016479,0.500000,0.000000,0.011047
3.289306,-0.016466,0.500000,0.000000,0.000910
3.293981,-0.016447,0.500000,0.000000,0.007728
3.298641,-0.016459,0.500000,0.000000,0.002219
3.303323,-0.016503,0.500000,0.000000,0.005333
3.308072,-0.016567,0.500000,0.000000,0.010438
3.312921,-0.016650,0.500000,0.000000,0.013884
3.317621,-0.016658,0.500000,0.000000,0.016048
3.322296,-0.016713,0.500000,0.000000,0.011316
3.326993,-0.016826,0.500000,0.000000,0.016821
3.331631,-0.017019,0.500000,0.000000,0.032462
3.336223,-0.017247,0.500000,0.000000,0.048846
3.340826,-0.017472,0.500000,0.000000,0.049722
3.345430,-0.017698,0.500000,0.000000,0.045978
3.349981,-0.017937,0.500000,0.000000,0.050347
3.354473,-0.018168,0.500000,0.000000,0.053385
3.358941,-0.018389,0.500000,0.000000,0.048103
3.363406,-0.018632,0.500000,0.000000,0.049940
3.367913,-0.018881,0.500000,0.000000,0.058037
3.372647,-0.019031,0.500000,0.000000,0.020031
3.377431,-0.019168,0.500000,0.000000,0.041661
3.382252,-0.019285,0.500000,0.000000,0.018881
3.387052,-0.019426,0.500000,0.000000,0.028416
3.391815,-0.019576,0.500000,0.000000,0.029821
3.396540,-0.019738,0.500000,0.000000,0.032573
3.401249,-0.019909,0.500000,0.000000,0.035804
3.405967,-0.020081,0.500000,0.000000,0.036315
3.410706,-0.020256,0.500000,0.000000,0.036729
3.415459,-0.020430,0.500000,0.000000,0.036896
3.420212,-0.020598,0.500000,0.000000,0.036345
3.424959,-0.020757,0.500000,0.000000,0.034324
3.429692,-0.020909,0.500000,0.000000,0.032692
3.434414,-0.021058,0.500000,0.000000,0.031716
3.439134,-0.021210,0.500000,0.000000,0.031514
3.443862,-0.021368,0.500000,0.000000,0.032995
3.448597,-0.021529,0.500000,0.000000,0.033922
3.453334,-0.021695,0.500000,0.000000,0.034267
3.458067,-0.021866,0.500000,0.000000,0.036284
3.462778,-0.022011,0.500000,0.000000,0.036024
3.467469,-0.022120,0.500000,0.000000,0.026443
3.472139,-0.022210,0.500000,0.000000,0.021593
3.476771,-0.022306,0.500000,0.000000,0.018889
3.481372,-0.022428,0.500000,0.000000,0.024566
3.485952,-0.022577,0.500000,0.000000,0.030909
3.490524,-0.022740,0.500000,0.000000,0.036621
3.495110,-0.022881,0.500000,0.000000,0.037778
3.499711,-0.023003,0.500000,0.000000,0.027583
3.504327,-0.023150,0.500000,0.000000,0.029355
3.508772,-0.023385,0.500000,0.000000,0.040923
3.513458,-0.023554,0.500000,0.000000,0.068218
3.518054,-0.023717,0.500000,0.000000,0.021337
3.522668,-0.023836,0.500000,0.000000,0.034499
3.527278,-0.023893,0.500000,0.000000,0.016166
3.531883,-0.023926,0.500000,0.000000,0.008015
3.536542,-0.023975,0.500000,0.000000,0.005603
3.541276,-0.024037,0.500000,0.000000,0.014270
3.546025,-0.024071,0.500000,0.000000,0.010818
3.550747,-0.024066,0.500000,0.000000,0.002297
3.555444,-0.024043,0.500000,0.000000,0.006039
3.560124,-0.024044,0.500000,0.000000,0.005647
3.564818,-0.024083,0.500000,0.000000,0.003906
3.569580,-0.024147,0.500000,0.000000,0.009800
3.574442,-0.024238,0.500000,0.000000,0.014358
3.579230,-0.024277,0.500000,0.000000,0.018762
3.583915,-0.024320,0.500000,0.000000,0.005299
3.588630,-0.024425,0.500000,0.000000,0.016852
3.593295,-0.024611,0.500000,0.000000,0.030517
3.597902,-0.024834,0.500000,0.000000,0.047321
3.602523,-0.025061,0.500000,0.000000,0.048976
3.607148,-0.025294,0.500000,0.000000,0.046698
3.611725,-0.025537,0.500000,0.000000,0.052160
3.616254,-0.025762,0.500000,0.000000,0.052494
3.620761,-0.025980,0.500000,0.000000,0.045874
3.625263,-0.026228,0.500000,0.000000,0.050073
3.629804,-0.026476,0.500000,0.000000,0.059079
3.634569,-0.026612,0.500000,0.000000,0.016851
3.639382,-0.026737,0.500000,0.000000,0.038600
3.644223,-0.026844,0.500000,0.000000,0.016936
3.649042,-0.026976,0.500000,0.000000,0.025768
3.653819,-0.027121,0.500000,0.000000,0.028461
3.658554,-0.027282,0.500000,0.000000,0.031805
3.663263,-0.027454,0.500000,0.000000,0.035908
3.667970,-0.027629,0.500000,0.000000,0.036871
3.672687,-0.027804,0.500000,0.000000,0.037175
3.677415,-0.027976,0.500000,0.000000,0.036867
3.682147,-0.028141,0.500000,0.000000,0.036006
3.686882,-0.028297,0.500000,0.000000,0.033628
3.691611,-0.028447,0.500000,0.000000,0.032225
3.696327,-0.028595,0.500000,0.000000,0.031599
3.701034,-0.028744,0.500000,0.000000,0.031246
3.705739,-0.028899,0.500000,0.000000,0.032162
3.710452,-0.029058,0.500000,0.000000,0.034006
3.715172,-0.029223,0.500000,0.000000,0.034059
3.719895,-0.029396,0.500000,0.000000,0.036015
3.724620,-0.029572,0.500000,0.000000,0.037626
3.729321,-0.029716,0.500000,0.000000,0.037355
3.733995,-0.029812,0.500000,0.000000,0.024584
3.738641,-0.029898,0.500000,0.000000,0.018386
3.743248,-0.029999,0.500000,0.000000,0.020362
3.747836,-0.030128,0.500000,0.000000,0.025530
3.752415,-0.030288,0.500000,0.000000,0.033363
3.756999,-0.030455,0.500000,0.000000,0.039305
3.761616,-0.030597,0.500000,0.000000,0.036519
3.766260,-0.030743,0.500000,0.000000,0.029128
3.770877,-0.030940,0.500000,0.000000,0.038181
3.775340,-0.031213,0.500000,0.000000,0.054016
3.780120,-0.031462,0.500000,0.000000,0.044160
3.784757,-0.031686,0.500000,0.000000,0.058755
3.789345,-0.031821,0.500000,0.000000,0.036111
3.793914,-0.031900,0.500000,0.000000,0.021822
3.798503,-0.031964,0.500000,0.000000,0.012006
3.803170,-0.032046,0.500000,0.000000,0.015403
3.807891,-0.032122,0.500000,0.000000,0.018644
3.812604,-0.032156,0.500000,0.000000,0.012018
3.817289,-0.032147,0.500000,0.000000,0.001249
3.821944,-0.032143,0.500000,0.000000,0.006580
3.826595,-0.032181,0.500000,0.000000,0.002830
3.831286,-0.032251,0.500000,0.000000,0.011205
3.836058,-0.032346,0.500000,0.000000,0.015932
3.840906,-0.032443,0.500000,0.000000,0.020894
3.845596,-0.032449,0.500000,0.000000,0.006500
3.850327,-0.032540,0.500000,0.000000,0.012239
3.855037,-0.032725,0.500000,0.000000,0.030308
3.859675,-0.032952,0.500000,0.000000,0.045944
3.864305,-0.033171,0.500000,0.000000,0.050783
3.868949,-0.033373,0.500000,0.000000,0.041378
3.873543,-0.033589,0.500000,0.000000,0.043804
3.878076,-0.033797,0.500000,0.000000,0.048111
3.882587,-0.033997,0.500000,0.000000,0.042580
3.887087,-0.034212,0.500000,0.000000,0.044781
3.891601,-0.034443,0.500000,0.000000,0.049573
3.896259,-0.034612,0.500000,0.000000,0.052149
3.901037,-0.034751,0.500000,0.000000,0.030401
3.905836,-0.034875,0.500000,0.000000,0.021782
3.910638,-0.035016,0.500000,0.000000,0.028035
3.915406,-0.035177,0.500000,0.000000,0.030729
3.920133,-0.035357,0.500000,0.000000,0.035997
3.924838,-0.035547,0.500000,0.000000,0.039984
3.929546,-0.035741,0.500000,0.000000,0.040793
3.934264,-0.035937,0.500000,0.000000,0.041487
3.938987,-0.036130,0.500000,0.000000,0.041468
3.943710,-0.036317,0.500000,0.000000,0.040212
3.948426,-0.036501,0.500000,0.000000,0.039047
3.953125,-0.036682,0.500000,0.000000,0.038856
3.957811,-0.036863,0.500000,0.000000,0.038632
3.962493,-0.037046,0.500000,0.000000,0.038662
3.967185,-0.037228,0.500000,0.000000,0.039179
3.971888,-0.037405,0.500000,0.000000,0.038100
3.976597,-0.037582,0.500000,0.000000,0.037205
3.981299,-0.037753,0.500000,0.000000,0.038395
3.985973,-0.037880,0.500000,0.000000,0.032560
3.990636,-0.037964,0.500000,0.000000,0.022818
3.995268,-0.038042,0.500000,0.000000,0.014942
3.999860,-0.038156,0.500000,0.000000,0.020861
4.004443,-0.038311,0.500000,0.000000,0.031156
4.009026,-0.038494,0.500000,0.000000,0.039250
4.013619,-0.038678,0.500000,0.000000,0.043195
4.018257,-0.038852,0.500000,0.000000,0.040513
4.022914,-0.039046,0.500000,0.000000,0.038400
4.027494,-0.039290,0.500000,0.000000,0.049087
4.032190,-0.039550,0.500000,0.000000,0.063641
4.036900,-0.039833,0.500000,0.000000,0.044459
4.041540,-0.040058,0.500000,0.000000,0.057981
4.046122,-0.040207,0.500000,0.000000,0.037944
4.050676,-0.040310,0.500000,0.000000,0.026212
4.055257,-0.040399,0.500000,0.000000,0.018391
4.059919,-0.040496,0.500000,0.000000,0.019687
4.064640,-0.040589,0.500000,0.000000,0.020863
4.069359,-0.040651,0.500000,0.000000,0.017746
4.074050,-0.040666,0.500000,0.000000,0.007351
4.078708,-0.040670,0.500000,0.000000,0.002269
4.083345,-0.040715,0.500000,0.000000,0.002457
4.088005,-0.040803,0.500000,0.000000,0.014552
4.092741,-0.040922,0.500000,0.000000,0.020390
4.097599,-0.041066,0.500000,0.000000,0.026886
4.102406,-0.041147,0.500000,0.000000,0.030202
4.107118,-0.041203,0.500000,0.000000,0.011739
4.111832,-0.041317,0.500000,0.000000,0.016380
4.116474,-0.041516,0.500000,0.000000,0.033528
4.121057,-0.041753,0.500000,0.000000,0.050454
4.125658,-0.041989,0.500000,0.000000,0.051885
4.130264,-0.042235,0.500000,0.000000,0.048953
4.134815,-0.042501,0.500000,0.000000,0.055963
4.139314,-0.042756,0.500000,0.000000,0.059292
4.143798,-0.042992,0.500000,0.000000,0.052456
4.148282,-0.043246,0.500000,0.000000,0.051920
4.152780,-0.043528,0.500000,0.000000,0.060536
4.157415,-0.043738,0.500000,0.000000,0.063703
4.162159,-0.043930,0.500000,0.000000,0.037405
4.166927,-0.044105,0.500000,0.000000,0.031002
4.171724,-0.044293,0.500000,0.000000,0.040081
4.176508,-0.044485,0.500000,0.000000,0.038891
4.181258,-0.044688,0.500000,0.000000,0.040604
4.185979,-0.044903,0.500000,0.000000,0.044606
4.190694,-0.045124,0.500000,0.000000,0.046261
4.195422,-0.045346,0.500000,0.000000,0.046915
4.200164,-0.045567,0.500000,0.000000,0.046846
4.204913,-0.045786,0.500000,0.000000,0.046563
4.209664,-0.045999,0.500000,0.000000,0.045488
4.214407,-0.046208,0.500000,0.000000,0.044386
4.219137,-0.046415,0.500000,0.000000,0.043925
4.223854,-0.046622,0.500000,0.000000,0.043681
4.228568,-0.046836,0.500000,0.000000,0.044223
4.233288,-0.047058,0.500000,0.000000,0.046441
4.238013,-0.047278,0.500000,0.000000,0.047164
4.242734,-0.047496,0.500000,0.000000,0.046212
4.247445,-0.047711,0.500000,0.000000,0.046504
4.252128,-0.047892,0.500000,0.000000,0.043080
4.256797,-0.048036,0.500000,0.000000,0.035352
4.261446,-0.048162,0.500000,0.000000,0.028005
4.266062,-0.048301,0.500000,0.000000,0.027836
4.270660,-0.048468,0.500000,0.000000,0.034586
4.275243,-0.048660,0.500000,0.000000,0.040748
4.279819,-0.048874,0.500000,0.000000,0.045638
4.284410,-0.049080,0.500000,0.000000,0.051172
4.289011,-0.049278,0.500000,0.000000,0.042297
4.293621,-0.049508,0.500000,0.000000,0.047749
4.298137,-0.049812,0.500000,0.000000,0.058397
4.302947,-0.050131,0.500000,0.000000,0.062131
4.307593,-0.050425,0.500000,0.000000,0.078109
4.312192,-0.050608,0.500000,0.000000,0.047295
4.316773,-0.050720,0.500000,0.000000,0.031210
4.321370,-0.050809,0.500000,0.000000,0.017028
4.326033,-0.050923,0.500000,0.000000,0.020947
4.330754,-0.051052,0.500000,0.000000,0.027132
4.335468,-0.051153,0.500000,0.000000,0.026409
4.340152,-0.051207,0.500000,0.000000,0.014977
4.344805,-0.051254,0.500000,0.000000,0.006607
4.349444,-0.051333,0.500000,0.000000,0.011998
4.354111,-0.051443,0.500000,0.000000,0.019796
4.358852,-0.051577,0.500000,0.000000,0.024282
4.363705,-0.051728,0.500000,0.000000,0.029460
4.368433,-0.051802,0.500000,0.000000,0.030724
4.373142,-0.051910,0.500000,0.000000,0.024179
4.377858,-0.052072,0.500000,0.000000,0.026485
4.382499,-0.052310,0.500000,0.000000,0.042865
4.387090,-0.052575,0.500000,0.000000,0.057526
4.391696,-0.052833,0.500000,0.000000,0.057220
4.396308,-0.053094,0.500000,0.000000,0.052654
4.400864,-0.053374,0.500000,0.000000,0.058608
4.405354,-0.053644,0.500000,0.000000,0.062961
4.409825,-0.053900,0.500000,0.000000,0.056019
4.414300,-0.054179,0.500000,0.000000,0.057439
4.418795,-0.054486,0.500000,0.000000,0.066524
4.423475,-0.054689,0.500000,0.000000,0.069096
4.428194,-0.054920,0.500000,0.000000,0.046942
4.432950,-0.055120,0.500000,0.000000,0.037714
4.437734,-0.055333,0.500000,0.000000,0.044464
4.442497,-0.055549,0.500000,0.000000,0.043891
4.447225,-0.055779,0.500000,0.000000,0.046334
4.451934,-0.056018,0.500000,0.000000,0.050730
4.456655,-0.056259,0.500000,0.000000,0.050594
4.461395,-0.056502,0.500000,0.000000,0.051164
4.466148,-0.056745,0.500000,0.000000,0.051266
4.470902,-0.056983,0.500000,0.000000,0.051021
4.475650,-0.057211,0.500000,0.000000,0.049042
4.480380,-0.057431,0.500000,0.000000,0.046966
4.485094,-0.057648,0.500000,0.000000,0.046288
4.489802,-0.057869,0.500000,0.000000,0.046012
4.494514,-0.058094,0.500000,0.000000,0.047464
4.499236,-0.058320,0.500000,0.000000,0.047977
4.503963,-0.058547,0.500000,0.000000,0.047758
4.508686,-0.058777,0.500000,0.000000,0.049003
4.513383,-0.058976,0.500000,0.000000,0.046670
4.518064,-0.059143,0.500000,0.000000,0.039251
4.522729,-0.059289,0.500000,0.000000,0.033690
4.527359,-0.059442,0.500000,0.000000,0.030756
4.531964,-0.059629,0.500000,0.000000,0.037441
4.536553,-0.059847,0.500000,0.000000,0.046023
4.541130,-0.060086,0.500000,0.000000,0.051647
4.545717,-0.060313,0.500000,0.000000,0.055897
4.550309,-0.060534,0.500000,0.000000,0.047026
4.554893,-0.060793,0.500000,0.000000,0.053331
4.559370,-0.061127,0.500000,0.000000,0.065237
4.564155,-0.061468,0.500000,0.000000,0.066907
4.568764,-0.061774,0.500000,0.000000,0.074327
4.573325,-0.061974,0.500000,0.000000,0.051048
4.577878,-0.062105,0.500000,0.000000,0.035587
4.582455,-0.062207,0.500000,0.000000,0.021303
4.587099,-0.062332,0.500000,0.000000,0.022981
4.591810,-0.062466,0.500000,0.000000,0.029650
4.596522,-0.062569,0.500000,0.000000,0.026367
4.601210,-0.062627,0.500000,0.000000,0.015829
4.605877,-0.062671,0.500000,0.000000,0.007630
4.610526,-0.062744,0.500000,0.000000,0.009435
4.615189,-0.062857,0.500000,0.000000,0.020054
4.619917,-0.062997,0.500000,0.000000,0.025706
4.624748,-0.063161,0.500000,0.000000,0.030556
4.629537,-0.063261,0.500000,0.000000,0.033468
4.634236,-0.063351,0.500000,0.000000,0.016004
4.638948,-0.063515,0.500000,0.000000,0.026660
4.643597,-0.063766,0.500000,0.000000,0.044580
4.648181,-0.064050,0.500000,0.000000,0.061128
4.652779,-0.064328,0.500000,0.000000,0.062155
4.657391,-0.064604,0.500000,0.000000,0.056333
4.661949,-0.064897,0.500000,0.000000,0.061221
4.666445,-0.065181,0.500000,0.000000,0.066013
4.670923,-0.065448,0.500000,0.000000,0.058913
4.675400,-0.065731,0.500000,0.000000,0.059122
4.679898,-0.066035,0.500000,0.000000,0.066122
4.684579,-0.066235,0.500000,0.000000,0.068158
4.689304,-0.066438,0.500000,0.000000,0.046074
4.694073,-0.066617,0.500000,0.000000,0.034013
4.698856,-0.066811,0.500000,0.000000,0.039738
4.703615,-0.067016,0.500000,0.000000,0.040796
4.708333,-0.067241,0.500000,0.000000,0.044907
4.713033,-0.067478,0.500000,0.000000,0.049900
4.717742,-0.067721,0.500000,0.000000,0.050784
4.722466,-0.067968,0.500000,0.000000,0.052214
4.727199,-0.068212,0.500000,0.000000,0.052060
4.731934,-0.068450,0.500000,0.000000,0.051093
4.736663,-0.068680,0.500000,0.000000,0.049168
4.741376,-0.068907,0.500000,0.000000,0.048557
4.746074,-0.069131,0.500000,0.000000,0.047769
4.750770,-0.069357,0.500000,0.000000,0.047703
4.755472,-0.069589,0.500000,0.000000,0.048764
4.760186,-0.069820,0.500000,0.000000,0.049835
4.764906,-0.070052,0.500000,0.000000,0.048487
4.769624,-0.070289,0.500000,0.000000,0.049845
4.774330,-0.070519,0.500000,0.000000,0.051105
4.779006,-0.070711,0.500000,0.000000,0.044716
4.783670,-0.070865,0.500000,0.000000,0.038360
4.788301,-0.071004,0.500000,0.000000,0.029121
4.792895,-0.071166,0.500000,0.000000,0.033002
4.797479,-0.071358,0.500000,0.000000,0.039923
4.802050,-0.071581,0.500000,0.000000,0.046420
4.806625,-0.071812,0.500000,0.000000,0.053481
4.811242,-0.072026,0.500000,0.000000,0.051011
4.815883,-0.072252,0.500000,0.000000,0.045414
4.820467,-0.072521,0.500000,0.000000,0.056172
4.825040,-0.072835,0.500000,0.000000,0.067969
4.829781,-0.073165,0.500000,0.000000,0.057140
4.834417,-0.073456,0.500000,0.000000,0.073551
4.838991,-0.073661,0.500000,0.000000,0.050366
4.843542,-0.073813,0.500000,0.000000,0.038185
4.848127,-0.073946,0.500000,0.000000,0.027949
4.852799,-0.074086,0.500000,0.000000,0.029361
4.857522,-0.074219,0.500000,0.000000,0.029417
4.862231,-0.074318,0.500000,0.000000,0.025501
4.866914,-0.074376,0.500000,0.000000,0.015216
4.871571,-0.074436,0.500000,0.000000,0.008215
4.876223,-0.074535,0.500000,0.000000,0.015473
4.880907,-0.074668,0.500000,0.000000,0.024749
4.885674,-0.074830,0.500000,0.000000,0.029302
4.890538,-0.074993,0.500000,0.000000,0.035586
4.895250,-0.075051,0.500000,0.000000,0.005988
4.899974,-0.075191,0.500000,0.000000,0.021629
4.904666,-0.075433,0.500000,0.000000,0.042079
4.909289,-0.075711,0.500000,0.000000,0.058752
4.913911,-0.075969,0.500000,0.000000,0.060201
4.918547,-0.076214,0.500000,0.000000,0.049170
4.923128,-0.076484,0.500000,0.000000,0.054586
4.927638,-0.076758,0.500000,0.000000,0.061361
4.932130,-0.077018,0.500000,0.000000,0.058561
4.936617,-0.077284,0.500000,0.000000,0.056000
4.941117,-0.077572,0.500000,0.000000,0.061804
4.945763,-0.077800,0.500000,0.000000,0.064845
4.950527,-0.078003,0.500000,0.000000,0.043285
4.955313,-0.078197,0.500000,0.000000,0.036631
4.960110,-0.078402,0.500000,0.000000,0.042299
4.964880,-0.078624,0.500000,0.000000,0.043190
4.969607,-0.078867,0.500000,0.000000,0.049243
4.974315,-0.079122,0.500000,0.000000,0.053205
