0.000000,0.000000,0.000000,0.500000,0.000000
0.000044,-0.000042,0.000000,0.500000,1.570796
0.000102,0.000518,0.000000,0.500000,1.997595
0.000133,0.002054,0.000000,0.500000,0.020409
0.000162,0.004458,0.000000,0.500000,0.019425
0.000196,0.007540,0.000000,0.500000,0.007213
0.000238,0.011026,0.000000,0.500000,0.012371
0.000289,0.014819,0.000000,0.500000,0.011486
0.000356,0.018834,0.000000,0.500000,0.014549
0.000442,0.023040,0.000000,0.500000,0.018057
0.000530,0.027385,0.000000,0.500000,0.022194
0.000600,0.031831,0.000000,0.500000,0.018175
0.000656,0.036360,0.000000,0.500000,0.012949
0.000707,0.040964,0.000000,0.500000,0.011042
0.000756,0.045629,0.000000,0.500000,0.010009
0.000806,0.050335,0.000000,0.500000,0.009517
0.000862,0.055066,0.000000,0.500000,0.010181
0.000926,0.059815,0.000000,0.500000,0.011647
0.000997,0.064578,0.000000,0.500000,0.013755
0.001077,0.069342,0.000000,0.500000,0.014588
0.001166,0.074090,0.000000,0.500000,0.017048
0.001262,0.078816,0.000000,0.500000,0.018818
0.001369,0.083535,0.000000,0.500000,0.020376
0.001495,0.088307,0.000000,0.500000,0.023170
0.001648,0.093117,0.000000,0.500000,0.028695
0.001813,0.097888,0.000000,0.500000,0.035101
0.001968,0.102655,0.000000,0.500000,0.033433
0.002110,0.107363,0.000000,0.500000,0.031799
0.002241,0.112031,0.000000,0.500000,0.028536
0.002373,0.116682,0.000000,0.500000,0.027768
0.002505,0.121328,0.000000,0.500000,0.028751
0.002635,0.125969,0.000000,0.500000,0.028269
0.002761,0.130607,0.000000,0.500000,0.027375
0.002884,0.135245,0.000000,0.500000,0.026683
0.003011,0.139886,0.000000,0.500000,0.026555
0.003139,0.144532,0.000000,0.500000,0.027628
0.003261,0.149183,0.000000,0.500000,0.027248
0.003374,0.153831,0.000000,0.500000,0.025385
0.003477,0.158460,0.000000,0.500000,0.023754
0.003599,0.163088,0.000000,0.500000,0.021357
0.003775,0.167766,0.000000,0.500000,0.030504
0.003946,0.172485,0.000000,0.500000,0.043188
0.004037,0.177196,0.000000,0.500000,0.028501
0.004089,0.181905,0.000000,0.500000,0.011306
0.004175,0.186639,0.000000,0.500000,0.012890
0.004309,0.191410,0.000000,0.500000,0.026408
0.004460,0.196217,0.000000,0.500000,0.033790
0.004596,0.201035,0.000000,0.500000,0.034166
0.004694,0.205842,0.000000,0.500000,0.028557
0.004739,0.210633,0.000000,0.500000,0.018618
0.004725,0.215396,0.000000,0.500000,0.007407
0.004669,0.220109,0.000000,0.500000,0.005221
0.004601,0.224841,0.000000,0.500000,0.011031
0.004624,0.229724,0.000000,0.500000,0.001640
0.004652,0.234426,0.000000,0.500000,0.007530
0.004639,0.239198,0.000000,0.500000,0.003509
0.004612,0.244062,0.000000,0.500000,0.010077
0.004640,0.248960,0.000000,0.500000,0.003256
0.004645,0.253834,0.000000,0.500000,0.003626
0.004655,0.258656,0.000000,0.500000,0.006605
0.004671,0.263531,0.000000,0.500000,0.000671
0.004722,0.268434,0.000000,0.500000,0.008030
0.004799,0.273354,0.000000,0.500000,0.013047
0.004912,0.278282,0.000000,0.500000,0.018139
0.005072,0.283196,0.000000,0.500000,0.026595
0.005257,0.288068,0.000000,0.500000,0.036853
0.005443,0.292880,0.000000,0.500000,0.037544
0.005610,0.297722,0.000000,0.500000,0.037939
0.005698,0.302734,0.000000,0.500000,0.027896
0.005733,0.307661,0.000000,0.500000,0.004826
0.005829,0.312498,0.000000,0.500000,0.009111
0.005907,0.317488,0.000000,0.500000,0.013076
0.006000,0.322327,0.000000,0.500000,0.018863
0.006093,0.327135,0.000000,0.500000,0.019307
0.006189,0.331945,0.000000,0.500000,0.019335
0.006292,0.336758,0.000000,0.500000,0.020543
0.006394,0.341567,0.000000,0.500000,0.021821
0.006486,0.346371,0.000000,0.500000,0.020617
0.006565,0.351168,0.000000,0.500000,0.017453
0.006633,0.355956,0.000000,0.500000,0.015259
0.006688,0.360735,0.000000,0.500000,0.012837
0.006730,0.365504,0.000000,0.500000,0.009880
0.006762,0.370261,0.000000,0.500000,0.007339
0.006788,0.375007,0.000000,0.500000,0.005623
0.006811,0.379743,0.000000,0.500000,0.005174
0.006831,0.384469,0.000000,0.500000,0.004319
0.006846,0.389190,0.000000,0.500000,0.003483
0.006858,0.393905,0.000000,0.500000,0.002650
0.006868,0.398618,0.000000,0.500000,0.002087
0.006876,0.403334,0.000000,0.500000,0.001677
0.006886,0.408056,0.000000,0.500000,0.001694
0.006894,0.412787,0.000000,0.500000,0.002007
0.006897,0.417518,0.000000,0.500000,0.001131
0.006891,0.422259,0.000000,0.500000,0.000344
0.006873,0.427020,0.000000,0.500000,0.002400
0.006847,0.431799,0.000000,0.500000,0.004726
0.006816,0.436548,0.000000,0.500000,0.005820
0.006820,0.441256,0.000000,0.500000,0.006281
0.006882,0.445983,0.000000,0.500000,0.008098
0.006934,0.450746,0.000000,0.500000,0.016569
0.006974,0.455563,0.000000,0.500000,0.006044
0.007035,0.460445,0.000000,0.500000,0.010604
0.007091,0.465345,0.000000,0.500000,0.015750
0.007107,0.470172,0.000000,0.500000,0.010171
0.007078,0.474900,0.000000,0.500000,0.002461
0.007038,0.479585,0.000000,0.500000,0.007078
0.006995,0.484264,0.000000,0.500000,0.005078
0.006958,0.489134,0.000000,0.500000,0.009859
0.006814,0.494022,0.000000,0.500000,0.012866
0.006647,0.498814,0.000000,0.500000,0.045597
0.006556,0.503582,0.000000,0.500000,0.024815
0.006499,0.508420,0.000000,0.500000,0.018551
0.006532,0.513245,0.000000,0.500000,0.008403
0.006574,0.518061,0.000000,0.500000,0.017333
0.006607,0.522785,0.000000,0.500000,0.008228
0.006597,0.527501,0.000000,0.500000,0.006282
0.006565,0.532278,0.000000,0.500000,0.008692
0.006564,0.537093,0.000000,0.500000,0.003614
0.006592,0.541933,0.000000,0.500000,0.003499
0.006644,0.546808,0.000000,0.500000,0.007704
0.006722,0.551708,0.000000,0.500000,0.012704
0.006814,0.556603,0.000000,0.500000,0.017820
0.006913,0.561472,0.000000,0.500000,0.018671
0.007019,0.566275,0.000000,0.500000,0.020670
0.007114,0.571097,0.000000,0.500000,0.021600
0.007144,0.576060,0.000000,0.500000,0.013613
0.007187,0.580898,0.000000,0.500000,0.000014
0.007273,0.585754,0.000000,0.500000,0.013309
0.007358,0.590654,0.000000,0.500000,0.015696
0.007444,0.595399,0.000000,0.500000,0.019257
0.007518,0.600115,0.000000,0.500000,0.017068
0.007582,0.604828,0.000000,0.500000,0.014214
0.007645,0.609537,0.000000,0.500000,0.012929
0.007716,0.614231,0.000000,0.500000,0.013983
0.007792,0.618916,0.000000,0.500000,0.016227
0.007867,0.623601,0.000000,0.500000,0.016031
0.007936,0.628294,0.000000,0.500000,0.015593
0.008000,0.632998,0.000000,0.500000,0.013865
0.008059,0.637713,0.000000,0.500000,0.012884
0.008112,0.642432,0.000000,0.500000,0.011869
0.008157,0.647149,0.000000,0.500000,0.010214
0.008194,0.651862,0.000000,0.500000,0.008716
0.008222,0.656566,0.000000,0.500000,0.006553
0.008245,0.661263,0.000000,0.500000,0.004844
0.008264,0.665954,0.000000,0.500000,0.004523
0.008280,0.670638,0.000000,0.500000,0.003509
0.008290,0.675313,0.000000,0.500000,0.002620
0.008297,0.679977,0.000000,0.500000,0.001597
0.008300,0.684631,0.000000,0.500000,0.001005
0.008296,0.689277,0.000000,0.500000,0.000138
0.008284,0.693920,0.000000,0.500000,0.002084
0.008271,0.698563,0.000000,0.500000,0.003141
0.008256,0.703199,0.000000,0.500000,0.003133
0.008241,0.707841,0.000000,0.500000,0.003403
0.008225,0.712504,0.000000,0.500000,0.003084
0.008203,0.717186,0.000000,0.500000,0.003728
0.008169,0.721881,0.000000,0.500000,0.005391
0.008131,0.726530,0.000000,0.500000,0.007904
0.008134,0.731147,0.000000,0.500000,0.007121
0.008190,0.735794,0.000000,0.500000,0.008286
0.008224,0.740451,0.000000,0.500000,0.011025
0.008274,0.745131,0.000000,0.500000,0.005595
0.008366,0.749870,0.000000,0.500000,0.015612
0.008454,0.754649,0.000000,0.500000,0.023880
0.008495,0.759384,0.000000,0.500000,0.016249
0.008485,0.764049,0.000000,0.500000,0.007192
0.008465,0.768696,0.000000,0.500000,0.003098
0.008444,0.773364,0.000000,0.500000,0.001587
0.008386,0.778268,0.000000,0.500000,0.003888
0.008200,0.783181,0.000000,0.500000,0.024429
0.008024,0.787970,0.000000,0.500000,0.050616
0.007983,0.792725,0.000000,0.500000,0.022403
0.007985,0.797594,0.000000,0.500000,0.002115
0.008040,0.802494,0.000000,0.500000,0.000035
0.008106,0.807389,0.000000,0.500000,0.018906
0.008177,0.812191,0.000000,0.500000,0.015580
0.008226,0.816977,0.000000,0.500000,0.013810
0.008271,0.821812,0.000000,0.500000,0.008113
0.008345,0.826678,0.000000,0.500000,0.010842
0.008443,0.831565,0.000000,0.500000,0.019371
0.008558,0.836484,0.000000,0.500000,0.020395
0.008690,0.841413,0.000000,0.500000,0.025181
0.008823,0.846316,0.000000,0.500000,0.026999
0.008952,0.851173,0.000000,0.500000,0.025931
0.009079,0.855952,0.000000,0.500000,0.025749
0.009187,0.860832,0.000000,0.500000,0.025201
0.009236,0.865765,0.000000,0.500000,0.016971
0.009305,0.870564,0.000000,0.500000,0.004480
0.009420,0.875388,0.000000,0.500000,0.019500
0.009524,0.880243,0.000000,0.500000,0.020075
0.009623,0.884919,0.000000,0.500000,0.022937
0.009704,0.889555,0.000000,0.500000,0.019733
0.009770,0.894200,0.000000,0.500000,0.015194
0.009839,0.898856,0.000000,0.500000,0.013738
0.009920,0.903517,0.000000,0.500000,0.015917
0.010012,0.908172,0.000000,0.500000,0.018632
0.010113,0.912822,0.000000,0.500000,0.020806
0.010223,0.917473,0.000000,0.500000,0.022833
0.010337,0.922131,0.000000,0.500000,0.024423
0.010450,0.926798,0.000000,0.500000,0.024266
0.010562,0.931477,0.000000,0.500000,0.023797
0.010674,0.936167,0.000000,0.500000,0.023779
0.010782,0.940865,0.000000,0.500000,0.023650
0.010882,0.945563,0.000000,0.500000,0.022213
0.010973,0.950256,0.000000,0.500000,0.020261
0.011053,0.954941,0.000000,0.500000,0.018145
0.011123,0.959617,0.000000,0.500000,0.015648
0.011187,0.964284,0.000000,0.500000,0.013961
0.011248,0.968940,0.000000,0.500000,0.013335
0.011304,0.973585,0.000000,0.500000,0.012447
0.011354,0.978219,0.000000,0.500000,0.011331
0.011398,0.982845,0.000000,0.500000,0.010233
0.011433,0.987465,0.000000,0.500000,0.008612
0.011459,0.992088,0.000000,0.500000,0.006450
0.011482,0.996703,0.000000,0.500000,0.004866
0.011507,1.001318,0.000000,0.500000,0.004620
0.011536,1.005981,0.000000,0.500000,0.006112
0.011557,1.010647,0.000000,0.500000,0.006199
0.011571,1.015283,0.000000,0.500000,0.003259
0.011582,1.019913,0.000000,0.500000,0.003520
0.011593,1.024495,0.000000,0.500000,0.002824
0.011645,1.029056,0.000000,0.500000,0.003621
0.011759,1.033668,0.000000,0.500000,0.019070
0.011844,1.038295,0.000000,0.500000,0.026134
0.011906,1.042945,0.000000,0.500000,0.010744
0.011993,1.047656,0.000000,0.500000,0.015472
0.012081,1.052409,0.000000,0.500000,0.022301
0.012127,1.057120,0.000000,0.500000,0.017869
0.012132,1.061770,0.000000,0.500000,0.007353
0.012137,1.066418,0.000000,0.500000,0.002146
0.012149,1.071117,0.000000,0.500000,0.004954
0.012103,1.076134,0.000000,0.500000,0.004157
0.011927,1.081077,0.000000,0.500000,0.025026
0.011772,1.085895,0.000000,0.500000,0.045307
0.011761,1.090681,0.000000,0.500000,0.019548
0.011799,1.095576,0.000000,0.500000,0.007094
0.011893,1.100486,0.000000,0.500000,0.005442
0.012000,1.105376,0.000000,0.500000,0.028890
0.012103,1.110166,0.000000,0.500000,0.022172
0.012178,1.114931,0.000000,0.500000,0.021246
0.012239,1.119744,0.000000,0.500000,0.011372
0.012327,1.124590,0.000000,0.500000,0.014381
0.012443,1.129467,0.000000,0.500000,0.022115
0.012577,1.134383,0.000000,0.500000,0.024825
0.012728,1.139314,0.000000,0.500000,0.029031
0.012882,1.144225,0.000000,0.500000,0.031082
0.013033,1.149098,0.000000,0.500000,0.030278
0.013186,1.153900,0.000000,0.500000,0.030324
0.013324,1.158803,0.000000,0.500000,0.031028
0.013406,1.163757,0.000000,0.500000,0.023626
0.013501,1.168570,0.000000,0.500000,0.010691
0.013646,1.173400,0.000000,0.500000,0.024631
0.013781,1.178258,0.000000,0.500000,0.027482
0.013908,1.182939,0.000000,0.500000,0.028672
0.014017,1.187580,0.000000,0.500000,0.025683
0.014114,1.192225,0.000000,0.500000,0.021705
0.014212,1.196881,0.000000,0.500000,0.020180
0.014321,1.201541,0.000000,0.500000,0.022076
0.014442,1.206194,0.000000,0.500000,0.024666
0.014574,1.210840,0.000000,0.500000,0.027136
0.014714,1.215487,0.000000,0.500000,0.029536
0.014857,1.220140,0.000000,0.500000,0.030811
0.014996,1.224803,0.000000,0.500000,0.030268
0.015134,1.229479,0.000000,0.500000,0.029424
0.015271,1.234170,0.000000,0.500000,0.029288
0.015404,1.238870,0.000000,0.500000,0.028868
0.015528,1.243571,0.000000,0.500000,0.027293
0.015642,1.248268,0.000000,0.500000,0.025207
0.015745,1.252957,0.000000,0.500000,0.022920
0.015840,1.257636,0.000000,0.500000,0.020636
0.015932,1.262309,0.000000,0.500000,0.019877
0.016020,1.266973,0.000000,0.500000,0.019195
0.016104,1.271627,0.000000,0.500000,0.018362
0.016183,1.276272,0.000000,0.500000,0.017273
0.016256,1.280908,0.000000,0.500000,0.016409
0.016319,1.285540,0.000000,0.500000,0.014760
0.016372,1.290168,0.000000,0.500000,0.012316
0.016422,1.294803,0.000000,0.500000,0.010659
0.016474,1.299431,0.000000,0.500000,0.010793
0.016529,1.304058,0.000000,0.500000,0.011537
0.016585,1.308697,0.000000,0.500000,0.012148
0.016638,1.313352,0.000000,0.500000,0.011916
0.016685,1.318015,0.000000,0.500000,0.011491
0.016724,1.322622,0.000000,0.500000,0.009414
0.016801,1.327197,0.000000,0.500000,0.009015
0.016931,1.331811,0.000000,0.500000,0.024537
0.017022,1.336428,0.000000,0.500000,0.026936
0.017109,1.341059,0.000000,0.500000,0.014344
0.017240,1.345750,0.000000,0.500000,0.022758
0.017384,1.350491,0.000000,0.500000,0.033979
0.017487,1.355209,0.000000,0.500000,0.029652
0.017544,1.359874,0.000000,0.500000,0.019903
0.017599,1.364534,0.000000,0.500000,0.012435
0.017659,1.369239,0.000000,0.500000,0.015026
0.017687,1.374215,0.000000,0.500000,0.013811
0.017592,1.379214,0.000000,0.500000,0.006136
0.017505,1.384100,0.000000,0.500000,0.030961
0.017549,1.388943,0.000000,0.500000,0.005223
0.017623,1.393878,0.000000,0.500000,0.015661
0.017756,1.398817,0.000000,0.500000,0.011503
0.017914,1.403740,0.000000,0.500000,0.038771
0.018070,1.408575,0.000000,0.500000,0.031930
0.018206,1.413385,0.000000,0.500000,0.032616
0.018335,1.418243,0.000000,0.500000,0.024919
0.018493,1.423127,0.000000,0.500000,0.028588
0.018669,1.428041,0.000000,0.500000,0.035937
0.018862,1.432993,0.000000,0.500000,0.035125
0.019067,1.437956,0.000000,0.500000,0.041462
0.019272,1.442903,0.000000,0.500000,0.040161
0.019480,1.447805,0.000000,0.500000,0.041112
0.019691,1.452633,0.000000,0.500000,0.042048
0.019885,1.457569,0.000000,0.500000,0.042803
0.020018,1.462558,0.000000,0.500000,0.033848
0.020162,1.467400,0.000000,0.500000,0.020864
0.020347,1.472245,0.000000,0.500000,0.034328
0.020515,1.477103,0.000000,0.500000,0.034010
0.020674,1.481772,0.000000,0.500000,0.035320
0.020817,1.486393,0.000000,0.500000,0.033310
0.020944,1.491019,0.000000,0.500000,0.028718
0.021071,1.495657,0.000000,0.500000,0.026196
0.021210,1.500305,0.000000,0.500000,0.028649
0.021363,1.504952,0.000000,0.500000,0.031478
0.021528,1.509587,0.000000,0.500000,0.034204
0.021704,1.514216,0.000000,0.500000,0.037044
0.021883,1.518847,0.000000,0.500000,0.038652
0.022062,1.523486,0.000000,0.500000,0.038687
0.022239,1.528137,0.000000,0.500000,0.038119
0.022416,1.532803,0.000000,0.500000,0.037660
0.022594,1.537485,0.000000,0.500000,0.038079
0.022769,1.542177,0.000000,0.500000,0.037850
0.022937,1.546871,0.000000,0.500000,0.036476
0.023094,1.551561,0.000000,0.500000,0.034509
0.023241,1.556243,0.000000,0.500000,0.032444
0.023378,1.560915,0.000000,0.500000,0.029896
0.023508,1.565577,0.000000,0.500000,0.028354
0.023634,1.570230,0.000000,0.500000,0.027323
0.023755,1.574872,0.000000,0.500000,0.026507
0.023872,1.579503,0.000000,0.500000,0.025551
0.023981,1.584126,0.000000,0.500000,0.024501
0.024081,1.588742,0.000000,0.500000,0.022651
0.024174,1.593357,0.000000,0.500000,0.020585
0.024264,1.597964,0.000000,0.500000,0.019379
0.024357,1.602573,0.000000,0.500000,0.019365
0.024457,1.607199,0.000000,0.500000,0.020958
0.024557,1.611843,0.000000,0.500000,0.021835
0.024654,1.616501,0.000000,0.500000,0.021447
0.024745,1.621165,0.000000,0.500000,0.020286
0.024826,1.625807,0.000000,0.500000,0.019524
0.024901,1.630415,0.000000,0.500000,0.015858
0.025021,1.635007,0.000000,0.500000,0.017810
0.025158,1.639615,0.000000,0.500000,0.033588
0.025270,1.644224,0.000000,0.500000,0.025024
0.025411,1.648865,0.000000,0.500000,0.023801
0.025595,1.653568,0.000000,0.500000,0.036688
0.025764,1.658306,0.000000,0.500000,0.042991
0.025882,1.663008,0.000000,0.500000,0.032574
0.025972,1.667670,0.000000,0.500000,0.024703
0.026077,1.672352,0.000000,0.500000,0.023438
0.026186,1.677150,0.000000,0.500000,0.024542
0.026220,1.682228,0.000000,0.500000,0.022430
0.026195,1.687207,0.000000,0.500000,0.008718
0.026255,1.692151,0.000000,0.500000,0.001943
0.026364,1.697137,0.000000,0.500000,0.020261
0.026547,1.702113,0.000000,0.500000,0.020344
0.026800,1.707096,0.000000,0.500000,0.048911
0.027016,1.711999,0.000000,0.500000,0.040781
0.027222,1.716858,0.000000,0.500000,0.046962
0.027419,1.721749,0.000000,0.500000,0.038425
0.027645,1.726662,0.000000,0.500000,0.041848
0.027891,1.731599,0.000000,0.500000,0.049281
0.028142,1.736574,0.000000,0.500000,0.049220
0.028383,1.741581,0.000000,0.500000,0.050258
0.028604,1.746587,0.000000,0.500000,0.044540
0.028827,1.751571,0.000000,0.500000,0.042631
0.029069,1.756527,0.000000,0.500000,0.045287
0.029345,1.761428,0.000000,0.500000,0.050053
0.029638,1.766438,0.000000,0.500000,0.059364
0.029901,1.771463,0.000000,0.500000,0.055046
0.030191,1.776311,0.000000,0.500000,0.049285
0.030438,1.781260,0.000000,0.500000,0.066229
0.030691,1.786029,0.000000,0.500000,0.055441
0.030923,1.790610,0.000000,0.500000,0.051295
0.031141,1.795136,0.000000,0.500000,0.050254
0.031344,1.799666,0.000000,0.500000,0.046038
0.031545,1.804211,0.000000,0.500000,0.043931
0.031753,1.808769,0.000000,0.500000,0.044580
0.031969,1.813331,0.000000,0.500000,0.046393
0.032197,1.817888,0.000000,0.500000,0.048270
0.032435,1.822441,0.000000,0.500000,0.051536
0.032677,1.827000,0.000000,0.500000,0.052969
0.032920,1.831573,0.000000,0.500000,0.052914
0.033166,1.836165,0.000000,0.500000,0.053106
0.033414,1.840778,0.000000,0.500000,0.053413
0.033666,1.845412,0.000000,0.500000,0.053806
0.033921,1.850062,0.000000,0.500000,0.054433
0.034173,1.854716,0.000000,0.500000,0.054425
0.034420,1.859367,0.000000,0.500000,0.053457
0.034659,1.864011,0.000000,0.500000,0.052200
0.034890,1.868646,0.000000,0.500000,0.050430
0.035111,1.873275,0.000000,0.500000,0.048740
0.035318,1.877895,0.000000,0.500000,0.046245
0.035511,1.882505,0.000000,0.500000,0.042838
0.035691,1.887104,0.000000,0.500000,0.040220
0.035860,1.891692,0.000000,0.500000,0.037730
0.036021,1.896275,0.000000,0.500000,0.035448
0.036178,1.900854,0.000000,0.500000,0.034456
0.036335,1.905438,0.000000,0.500000,0.034059
0.036494,1.910014,0.000000,0.500000,0.034126
0.036658,1.914584,0.000000,0.500000,0.035176
0.036828,1.919162,0.000000,0.500000,0.036381
0.037002,1.923756,0.000000,0.500000,0.037718
0.037177,1.928370,0.000000,0.500000,0.038578
0.037343,1.932983,0.000000,0.500000,0.037725
0.037509,1.937538,0.000000,0.500000,0.035696
0.037726,1.942072,0.000000,0.500000,0.038417
0.037955,1.946642,0.000000,0.500000,0.056591
0.038104,1.951214,0.000000,0.500000,0.040966
0.038261,1.955797,0.000000,0.500000,0.026528
0.038484,1.960423,0.000000,0.500000,0.041799
0.038734,1.965090,0.000000,0.500000,0.055291
0.038944,1.969746,0.000000,0.500000,0.054390
0.039104,1.974354,0.000000,0.500000,0.041606
0.039272,1.978955,0.000000,0.500000,0.035422
0.039449,1.983609,0.000000,0.500000,0.040917
0.039616,1.988547,0.000000,0.500000,0.037932
0.039646,1.993512,0.000000,0.500000,0.024171
0.039620,1.998363,0.000000,0.500000,0.010623
0.039710,2.003187,0.000000,0.500000,0.000131
0.039884,2.008120,0.000000,0.500000,0.033746
0.040120,2.013065,0.000000,0.500000,0.031467
0.040410,2.017994,0.000000,0.500000,0.060471
0.040720,2.022837,0.000000,0.500000,0.071873
0.040989,2.027663,0.000000,0.500000,0.056110
0.041256,2.032538,0.000000,0.500000,0.056183
0.041534,2.037443,0.000000,0.500000,0.053655
0.041824,2.042384,0.000000,0.500000,0.059569
0.042115,2.047346,0.000000,0.500000,0.057439
0.042397,2.052286,0.000000,0.500000,0.058647
0.042665,2.057186,0.000000,0.500000,0.054422
0.042937,2.062021,0.000000,0.500000,0.053608
0.043216,2.066811,0.000000,0.500000,0.056790
0.043438,2.071821,0.000000,0.500000,0.053069
0.043638,2.076698,0.000000,0.500000,0.034524
0.043903,2.081436,0.000000,0.500000,0.043070
0.044166,2.086389,0.000000,0.500000,0.064335
0.044443,2.091204,0.000000,0.500000,0.060826
0.044678,2.095848,0.000000,0.500000,0.054284
0.044888,2.100455,0.000000,0.500000,0.047350
0.045092,2.105073,0.000000,0.500000,0.044034
0.045303,2.109708,0.000000,0.500000,0.044375
0.045527,2.114353,0.000000,0.500000,0.046891
0.045764,2.118994,0.000000,0.500000,0.049506
0.046012,2.123628,0.000000,0.500000,0.052529
0.046263,2.128263,0.000000,0.500000,0.054224
0.046514,2.132906,0.000000,0.500000,0.054055
0.046762,2.137563,0.000000,0.500000,0.053445
0.047009,2.142235,0.000000,0.500000,0.052918
0.047256,2.146923,0.000000,0.500000,0.052638
0.047497,2.151620,0.000000,0.500000,0.052071
0.047729,2.156318,0.000000,0.500000,0.050399
0.047949,2.161010,0.000000,0.500000,0.047973
0.048157,2.165690,0.000000,0.500000,0.045548
0.048353,2.170356,0.000000,0.500000,0.042854
0.048541,2.175013,0.000000,0.500000,0.040885
0.048724,2.179659,0.000000,0.500000,0.039694
0.048901,2.184294,0.000000,0.500000,0.038669
0.049072,2.188919,0.000000,0.500000,0.037460
0.049238,2.193536,0.000000,0.500000,0.036417
0.049396,2.198146,0.000000,0.500000,0.035259
0.049545,2.202753,0.000000,0.500000,0.033044
0.049687,2.207360,0.000000,0.500000,0.031228
0.049831,2.211957,0.000000,0.500000,0.030696
0.049979,2.216554,0.000000,0.500000,0.031553
0.050131,2.221169,0.000000,0.500000,0.032706
0.050283,2.225804,0.000000,0.500000,0.033166
0.050434,2.230456,0.000000,0.500000,0.032830
0.050579,2.235116,0.000000,0.500000,0.032311
0.050719,2.239726,0.000000,0.500000,0.030978
0.050894,2.244303,0.000000,0.500000,0.030847
0.051103,2.248907,0.000000,0.500000,0.044784
0.051283,2.253524,0.000000,0.500000,0.042520
0.051481,2.258168,0.000000,0.500000,0.036333
0.051731,2.262869,0.000000,0.500000,0.048557
0.051981,2.267598,0.000000,0.500000,0.059018
0.052179,2.272272,0.000000,0.500000,0.050359
0.052327,2.276875,0.000000,0.500000,0.040718
0.052470,2.281477,0.000000,0.500000,0.033683
0.052611,2.286132,0.000000,0.500000,0.032178
0.052707,2.291108,0.000000,0.500000,0.031852
0.052678,2.296013,0.000000,0.500000,0.003652
0.052682,2.300796,0.000000,0.500000,0.015122
0.052808,2.305588,0.000000,0.500000,0.015884
0.052975,2.310479,0.000000,0.500000,0.029640
0.053226,2.315353,0.000000,0.500000,0.035684
0.053485,2.320199,0.000000,0.500000,0.062928
0.053733,2.324936,0.000000,0.500000,0.052330
0.053942,2.329660,0.000000,0.500000,0.052554
0.054135,2.334434,0.000000,0.500000,0.037503
0.054361,2.339237,0.000000,0.500000,0.043955
0.054616,2.344078,0.000000,0.500000,0.050163
0.054900,2.348961,0.000000,0.500000,0.054733
0.055207,2.353860,0.000000,0.500000,0.060823
0.055519,2.358744,0.000000,0.500000,0.063034
0.055834,2.363584,0.000000,0.500000,0.063333
0.056153,2.368345,0.000000,0.500000,0.065080
0.056450,2.373303,0.000000,0.500000,0.066351
0.056682,2.378219,0.000000,0.500000,0.054836
0.056913,2.382979,0.000000,0.500000,0.041146
0.057178,2.387753,0.000000,0.500000,0.051067
0.057432,2.392553,0.000000,0.500000,0.052427
0.057679,2.397186,0.000000,0.500000,0.053976
0.057915,2.401789,0.000000,0.500000,0.052858
0.058142,2.406418,0.000000,0.500000,0.050106
0.058369,2.411079,0.000000,0.500000,0.048183
0.058604,2.415758,0.000000,0.500000,0.049031
0.058853,2.420438,0.000000,0.500000,0.051770
0.059114,2.425110,0.000000,0.500000,0.054549
0.059382,2.429778,0.000000,0.500000,0.057069
0.059651,2.434452,0.000000,0.500000,0.057725
0.059916,2.439138,0.000000,0.500000,0.056943
0.060176,2.443834,0.000000,0.500000,0.055883
0.060432,2.448538,0.000000,0.500000,0.054861
0.060679,2.453242,0.000000,0.500000,0.053604
0.060912,2.457941,0.000000,0.500000,0.051058
0.061131,2.462630,0.000000,0.500000,0.047911
0.061338,2.467306,0.000000,0.500000,0.045292
0.061539,2.471971,0.000000,0.500000,0.043174
0.061737,2.476626,0.000000,0.500000,0.042819
0.061931,2.481271,0.000000,0.500000,0.042019
0.062120,2.485902,0.000000,0.500000,0.041210
0.062304,2.490522,0.000000,0.500000,0.040243
0.062482,2.495131,0.000000,0.500000,0.039212
0.062653,2.499728,0.000000,0.500000,0.037814
0.062818,2.504311,0.000000,0.500000,0.036333
0.062979,2.508896,0.000000,0.500000,0.035345
0.063139,2.513489,0.000000,0.500000,0.035029
0.063297,2.518094,0.000000,0.500000,0.034599
0.063449,2.522708,0.000000,0.500000,0.033974
0.063597,2.527274,0.000000,0.500000,0.032670
0.063778,2.531798,0.000000,0.500000,0.033471
0.064035,2.536348,0.000000,0.500000,0.046369
0.064287,2.540904,0.000000,0.500000,0.064592
0.064505,2.545485,0.000000,0.500000,0.045385
0.064750,2.550132,0.000000,0.500000,0.049388
0.065003,2.554824,0.000000,0.500000,0.056525
0.065222,2.559477,0.000000,0.500000,0.054484
0.065395,2.564066,0.000000,0.500000,0.044703
0.065563,2.568657,0.000000,0.500000,0.038301
0.065739,2.573312,0.000000,0.500000,0.040843
0.065876,2.578289,0.000000,0.500000,0.039892
0.065879,2.583172,0.000000,0.500000,0.012878
0.065854,2.587927,0.000000,0.500000,0.010640
0.065956,2.592650,0.000000,0.500000,0.000323
0.066145,2.597470,0.000000,0.500000,0.037935
0.066399,2.602299,0.000000,0.500000,0.037134
0.066721,2.607131,0.000000,0.500000,0.064235
0.067001,2.611880,0.000000,0.500000,0.056798
0.067268,2.616618,0.000000,0.500000,0.060961
0.067537,2.621417,0.000000,0.500000,0.052859
0.067837,2.626260,0.000000,0.500000,0.059451
0.068160,2.631131,0.000000,0.500000,0.064080
0.068504,2.636007,0.000000,0.500000,0.067580
0.068855,2.640858,0.000000,0.500000,0.072354
0.069202,2.645661,0.000000,0.500000,0.070521
0.069550,2.650417,0.000000,0.500000,0.072361
0.069840,2.655377,0.000000,0.500000,0.068103
0.070068,2.660248,0.000000,0.500000,0.045744
0.070330,2.664965,0.000000,0.500000,0.047374
0.070630,2.669649,0.000000,0.500000,0.058812
0.070890,2.674452,0.000000,0.500000,0.052071
0.071152,2.679052,0.000000,0.500000,0.057059
0.071409,2.683611,0.000000,0.500000,0.056953
0.071659,2.688187,0.000000,0.500000,0.056072
0.071908,2.692791,0.000000,0.500000,0.053672
0.072167,2.697415,0.000000,0.500000,0.054814
0.072440,2.702042,0.000000,0.500000,0.057182
0.072726,2.706666,0.000000,0.500000,0.060710
0.073019,2.711298,0.000000,0.500000,0.063097
0.073309,2.715943,0.000000,0.500000,0.063121
0.073594,2.720600,0.000000,0.500000,0.061800
0.073869,2.725269,0.000000,0.500000,0.060085
0.074135,2.729946,0.000000,0.500000,0.057905
0.074388,2.734624,0.000000,0.500000,0.055389
0.074627,2.739299,0.000000,0.500000,0.052555
0.074853,2.743967,0.000000,0.500000,0.049715
0.075070,2.748626,0.000000,0.500000,0.046944
0.075280,2.753274,0.000000,0.500000,0.045773
0.075485,2.757909,0.000000,0.500000,0.044597
0.075684,2.762531,0.000000,0.500000,0.043479
0.075879,2.767139,0.000000,0.500000,0.042490
0.076070,2.771735,0.000000,0.500000,0.041907
0.076258,2.776315,0.000000,0.500000,0.041398
0.076440,2.780876,0.000000,0.500000,0.040294
0.076618,2.785441,0.000000,0.500000,0.039304
0.076794,2.790021,0.000000,0.500000,0.038638
0.076970,2.794618,0.000000,0.500000,0.038306
0.077145,2.799231,0.000000,0.500000,0.038336
0.077316,2.803805,0.000000,0.500000,0.038094
0.077515,2.808331,0.000000,0.500000,0.037650
0.077791,2.812870,0.000000,0.500000,0.050557
0.078068,2.817425,0.000000,0.500000,0.068949
0.078318,2.822017,0.000000,0.500000,0.051961
0.078588,2.826674,0.000000,0.500000,0.056445
0.078852,2.831361,0.000000,0.500000,0.060862
0.079069,2.835988,0.000000,0.500000,0.054967
0.079236,2.840551,0.000000,0.500000,0.045007
0.079402,2.845132,0.000000,0.500000,0.037373
0.079574,2.849817,0.000000,0.500000,0.038764
0.079693,2.854701,0.000000,0.500000,0.038722
0.079723,2.859500,0.000000,0.500000,0.010278
0.079819,2.864316,0.000000,0.500000,0.001836
0.079994,2.869167,0.000000,0.500000,0.034004
0.080215,2.874016,0.000000,0.500000,0.032907
0.080523,2.878878,0.000000,0.500000,0.054157
0.080819,2.883692,0.000000,0.500000,0.062426
0.081101,2.888482,0.000000,0.500000,0.059971
0.081389,2.893331,0.000000,0.500000,0.058723
0.081705,2.898226,0.000000,0.500000,0.060072
0.082047,2.903158,0.000000,0.500000,0.068327
0.082396,2.908127,0.000000,0.500000,0.069574
0.082745,2.913103,0.000000,0.500000,0.069225
0.083096,2.918050,0.000000,0.500000,0.069686
0.083448,2.922935,0.000000,0.500000,0.070215
0.083810,2.927823,0.000000,0.500000,0.071851
0.084127,2.932827,0.000000,0.500000,0.071490
0.084406,2.937718,0.000000,0.500000,0.052295
0.084738,2.942463,0.000000,0.500000,0.059434
0.085069,2.947429,0.000000,0.500000,0.075811
0.085395,2.952242,0.000000,0.500000,0.073449
0.085667,2.956867,0.000000,0.500000,0.061794
0.085919,2.961445,0.000000,0.500000,0.055967
0.086169,2.966026,0.000000,0.500000,0.054355
0.086427,2.970622,0.000000,0.500000,0.054901
0.086696,2.975223,0.000000,0.500000,0.057063
0.086979,2.979821,0.000000,0.500000,0.060137
0.087271,2.984420,0.000000,0.500000,0.062539
0.087570,2.989031,0.000000,0.500000,0.064295
0.087870,2.993661,0.000000,0.500000,0.065118
0.088164,2.998310,0.000000,0.500000,0.064065
0.088450,3.002975,0.000000,0.500000,0.062295
0.088724,3.007652,0.000000,0.500000,0.059739
0.088987,3.012335,0.000000,0.500000,0.057276
0.089240,3.017016,0.000000,0.500000,0.054382
0.089487,3.021689,0.000000,0.500000,0.053166
0.089730,3.026353,0.000000,0.500000,0.052309
0.089970,3.031005,0.000000,0.500000,0.051651
0.090205,3.035642,0.000000,0.500000,0.050700
0.090439,3.040264,0.000000,0.500000,0.050422
0.090669,3.044872,0.000000,0.500000,0.050257
0.090895,3.049467,0.000000,0.500000,0.049342
0.091114,3.054056,0.000000,0.500000,0.048233
0.091330,3.058642,0.000000,0.500000,0.047072
0.091543,3.063215,0.000000,0.500000,0.046640
0.091754,3.067780,0.000000,0.500000,0.046224
0.091966,3.072348,0.000000,0.500000,0.046190
0.092176,3.076923,0.000000,0.500000,0.046803
0.092372,3.081504,0.000000,0.500000,0.045417
0.092559,3.086060,0.000000,0.500000,0.041000
0.092788,3.090597,0.000000,0.500000,0.042742
0.093076,3.095161,0.000000,0.500000,0.057616
0.093356,3.099722,0.000000,0.500000,0.065622
0.093648,3.104294,0.000000,0.500000,0.057439
0.093980,3.108909,0.000000,0.500000,0.069844
0.094304,3.113544,0.000000,0.500000,0.075968
0.094576,3.118141,0.000000,0.500000,0.068152
0.094809,3.122707,0.000000,0.500000,0.057464
0.095050,3.127312,0.000000,0.500000,0.054175
0.095295,3.132124,0.000000,0.500000,0.053831
0.095421,3.137050,0.000000,0.500000,0.044220
0.095464,3.141872,0.000000,0.500000,0.007488
0.095593,3.146675,0.000000,0.500000,0.009286
0.095788,3.151547,0.000000,0.500000,0.039590
0.096042,3.156420,0.000000,0.500000,0.037750
0.096377,3.161309,0.000000,0.500000,0.062423
0.096679,3.166132,0.000000,0.500000,0.062681
0.096966,3.170928,0.000000,0.500000,0.062048
0.097260,3.175783,0.000000,0.500000,0.058549
0.097587,3.180680,0.000000,0.500000,0.062472
0.097938,3.185609,0.000000,0.500000,0.070483
0.098299,3.190573,0.000000,0.500000,0.071167
0.098659,3.195550,0.000000,0.500000,0.072650
0.099012,3.200506,0.000000,0.500000,0.070791
0.099370,3.205431,0.000000,0.500000,0.069806
0.099748,3.210300,0.000000,0.500000,0.073706
0.100138,3.215262,0.000000,0.500000,0.078498
0.100475,3.220272,0.000000,0.500000,0.076450
0.100809,3.225133,0.000000,0.500000,0.059240
0.101185,3.229894,0.000000,0.500000,0.073543
0.101486,3.234718,0.000000,0.500000,0.062059
0.101786,3.239305,0.000000,0.500000,0.063872
0.102080,3.243824,0.000000,0.500000,0.066962
0.102358,3.248349,0.000000,0.500000,0.063351
0.102628,3.252901,0.000000,0.500000,0.059538
0.102901,3.257481,0.000000,0.500000,0.059209
0.103185,3.262076,0.000000,0.500000,0.060208
0.103484,3.266674,0.000000,0.500000,0.063298
0.103799,3.271270,0.000000,0.500000,0.066706
0.104126,3.275865,0.000000,0.500000,0.070270
0.104455,3.280469,0.000000,0.500000,0.071474
0.104784,3.285088,0.000000,0.500000,0.071351
0.105111,3.289726,0.000000,0.500000,0.070689
0.105437,3.294378,0.000000,0.500000,0.070053
0.105758,3.299039,0.000000,0.500000,0.069281
0.106071,3.303701,0.000000,0.500000,0.068051
0.106373,3.308360,0.000000,0.500000,0.065865
0.106664,3.313007,0.000000,0.500000,0.063561
0.106943,3.317642,0.000000,0.500000,0.061085
0.107214,3.322266,0.000000,0.500000,0.059261
0.107477,3.326879,0.000000,0.500000,0.057391
0.107735,3.331479,0.000000,0.500000,0.056441
0.107987,3.336066,0.000000,0.500000,0.055362
0.108229,3.340639,0.000000,0.500000,0.054240
0.108459,3.345199,0.000000,0.500000,0.051385
0.108682,3.349736,0.000000,0.500000,0.049336
0.108904,3.354263,0.000000,0.500000,0.048817
0.109130,3.358799,0.000000,0.500000,0.049114
0.109359,3.363348,0.000000,0.500000,0.050165
0.109587,3.367911,0.000000,0.500000,0.050705
0.109810,3.372480,0.000000,0.500000,0.049582
0.110028,3.376995,0.000000,0.500000,0.048717
0.110269,3.381469,0.000000,0.500000,0.048980
0.110570,3.385984,0.000000,0.500000,0.058775
0.110843,3.390504,0.000000,0.500000,0.070310
0.111091,3.395021,0.000000,0.500000,0.051117
0.111379,3.399582,0.000000,0.500000,0.058091
0.111684,3.404184,0.000000,0.500000,0.068560
0.111958,3.408773,0.000000,0.500000,0.066795
0.112182,3.413315,0.000000,0.500000,0.057589
0.112403,3.417860,0.000000,0.500000,0.048579
0.112636,3.422476,0.000000,0.500000,0.053396
0.112830,3.427421,0.000000,0.500000,0.051823
0.112886,3.432268,0.000000,0.500000,0.024322
0.112890,3.436987,0.000000,0.500000,0.000341
0.113007,3.441699,0.000000,0.500000,0.002006
0.113247,3.446512,0.000000,0.500000,0.043849
0.113548,3.451337,0.000000,0.500000,0.049892
0.113896,3.456178,0.000000,0.500000,0.071148
0.114240,3.460944,0.000000,0.500000,0.077938
0.114553,3.465689,0.000000,0.500000,0.066069
0.114878,3.470498,0.000000,0.500000,0.066800
0.115223,3.475348,0.000000,0.500000,0.068545
0.115589,3.480226,0.000000,0.500000,0.073478
0.115972,3.485119,0.000000,0.500000,0.075766
0.116358,3.489979,0.000000,0.500000,0.079499
0.116738,3.494768,0.000000,0.500000,0.077694
0.117127,3.499502,0.000000,0.500000,0.079107
0.117462,3.504447,0.000000,0.500000,0.078797
0.117728,3.509298,0.000000,0.500000,0.053646
0.118023,3.513993,0.000000,0.500000,0.054603
0.118353,3.518750,0.000000,0.500000,0.066767
0.118658,3.523555,0.000000,0.500000,0.065561
0.118929,3.528175,0.000000,0.500000,0.061291
0.119180,3.532759,0.000000,0.500000,0.056515
0.119427,3.537362,0.000000,0.500000,0.053483
0.119683,3.541999,0.000000,0.500000,0.053771
0.119956,3.546659,0.000000,0.500000,0.056794
0.120246,3.551323,0.000000,0.500000,0.060347
0.120553,3.555982,0.000000,0.500000,0.064265
0.120867,3.560640,0.000000,0.500000,0.067134
0.121182,3.565302,0.000000,0.500000,0.067732
0.121494,3.569975,0.000000,0.500000,0.067241
0.121801,3.574659,0.000000,0.500000,0.066120
0.122102,3.579355,0.000000,0.500000,0.064744
0.122392,3.584056,0.000000,0.500000,0.062856
0.122672,3.588753,0.000000,0.500000,0.060564
0.122941,3.593442,0.000000,0.500000,0.058320
0.123200,3.598121,0.000000,0.500000,0.056128
0.123455,3.602790,0.000000,0.500000,0.054594
0.123706,3.607450,0.000000,0.500000,0.054188
0.123952,3.612099,0.000000,0.500000,0.053292
0.124194,3.616735,0.000000,0.500000,0.052494
0.124434,3.621355,0.000000,0.500000,0.051821
0.124672,3.625959,0.000000,0.500000,0.051821
0.124905,3.630540,0.000000,0.500000,0.051330
0.125131,3.635112,0.000000,0.500000,0.050006
0.125353,3.639689,0.000000,0.500000,0.048924
0.125572,3.644276,0.000000,0.500000,0.048138
0.125791,3.648879,0.000000,0.500000,0.047551
0.126006,3.653494,0.000000,0.500000,0.047892
0.126217,3.658074,0.000000,0.500000,0.046281
0.126472,3.662607,0.000000,0.500000,0.047027
0.126794,3.667138,0.000000,0.500000,0.064607
0.127102,3.671688,0.000000,0.500000,0.075842
0.127396,3.676282,0.000000,0.500000,0.058247
0.127710,3.680931,0.000000,0.500000,0.069892
0.127992,3.685571,0.000000,0.500000,0.067596
0.128225,3.690156,0.000000,0.500000,0.058806
0.128452,3.694735,0.000000,0.500000,0.050279
0.128693,3.699373,0.000000,0.500000,0.053966
0.128890,3.704345,0.000000,0.500000,0.053344
0.128963,3.709235,0.000000,0.500000,0.026608
0.129009,3.713995,0.000000,0.500000,0.003330
0.129168,3.718750,0.000000,0.500000,0.014979
0.129396,3.723586,0.000000,0.500000,0.044324
0.129692,3.728391,0.000000,0.500000,0.046737
0.130090,3.733208,0.000000,0.500000,0.071686
0.130390,3.737936,0.000000,0.500000,0.058998
0.130677,3.742640,0.000000,0.500000,0.067862
0.130960,3.747405,0.000000,0.500000,0.055813
0.131274,3.752226,0.000000,0.500000,0.063461
0.131616,3.757091,0.000000,0.500000,0.066367
0.131990,3.761981,0.000000,0.500000,0.073733
0.132391,3.766863,0.000000,0.500000,0.077924
0.132810,3.771718,0.000000,0.500000,0.084428
0.133234,3.776519,0.000000,0.500000,0.086294
0.133650,3.781476,0.000000,0.500000,0.087930
0.133983,3.786410,0.000000,0.500000,0.080642
0.134281,3.791201,0.000000,0.500000,0.055246
0.134628,3.795868,0.000000,0.500000,0.064522
0.134984,3.800679,0.000000,0.500000,0.079537
0.135323,3.805425,0.000000,0.500000,0.073759
0.135632,3.809978,0.000000,0.500000,0.069403
0.135931,3.814495,0.000000,0.500000,0.066755
0.136228,3.819038,0.000000,0.500000,0.065996
0.136526,3.823626,0.000000,0.500000,0.064592
0.136834,3.828253,0.000000,0.500000,0.065607
0.137155,3.832899,0.000000,0.500000,0.067576
0.137490,3.837548,0.000000,0.500000,0.070560
0.137834,3.842203,0.000000,0.500000,0.073297
0.138181,3.846868,0.000000,0.500000,0.074487
0.138523,3.851541,0.000000,0.500000,0.074072
0.138855,3.856218,0.000000,0.500000,0.072059
0.139175,3.860900,0.000000,0.500000,0.069430
0.139481,3.865583,0.000000,0.500000,0.066935
0.139775,3.870260,0.000000,0.500000,0.063895
0.140056,3.874928,0.000000,0.500000,0.061264
0.140329,3.879583,0.000000,0.500000,0.058953
0.140599,3.884224,0.000000,0.500000,0.058132
0.140867,3.888852,0.000000,0.500000,0.058022
0.141133,3.893467,0.000000,0.500000,0.057643
0.141397,3.898068,0.000000,0.500000,0.057183
0.141660,3.902650,0.000000,0.500000,0.057538
0.141914,3.907212,0.000000,0.500000,0.056726
0.142157,3.911767,0.000000,0.500000,0.054263
0.142396,3.916324,0.000000,0.500000,0.052752
0.142629,3.920886,0.000000,0.500000,0.052018
0.142857,3.925458,0.000000,0.500000,0.050641
0.143081,3.929988,0.000000,0.500000,0.049932
0.143345,3.934471,0.000000,0.500000,0.050263
0.143691,3.938963,0.000000,0.500000,0.067269
0.144033,3.943459,0.000000,0.500000,0.084437
0.144353,3.947979,0.000000,0.500000,0.066684
0.144688,3.952561,0.000000,0.500000,0.074333
0.145001,3.957160,0.000000,0.500000,0.073850
0.145264,3.961710,0.000000,0.500000,0.066319
0.145504,3.966236,0.000000,0.500000,0.055582
0.145765,3.970810,0.000000,0.500000,0.058657
0.145981,3.975693,0.000000,0.500000,0.058991
0.146051,3.980473,0.000000,0.500000,0.029573
0.146038,3.985118,0.000000,0.500000,0.000217
0.146119,3.989759,0.000000,0.500000,0.005960
0.146337,3.994482,0.000000,0.500000,0.037978
0.146608,3.999237,0.000000,0.500000,0.047564
0.146980,4.004015,0.000000,0.500000,0.062328
0.147281,4.008728,0.000000,0.500000,0.061545
0.147586,4.013409,0.000000,0.500000,0.065827
0.147914,4.018167,0.000000,0.500000,0.065536
0.148276,4.022989,0.000000,0.500000,0.072654
0.148667,4.027846,0.000000,0.500000,0.077267
0.149086,4.032708,0.000000,0.500000,0.082749
0.149528,4.037536,0.000000,0.500000,0.088108
0.149986,4.042327,0.000000,0.500000,0.092826
0.150414,4.047291,0.000000,0.500000,0.091851
0.150757,4.052210,0.000000,0.500000,0.077767
0.151084,4.056954,0.000000,0.500000,0.061770
0.151450,4.061598,0.000000,0.500000,0.071199
0.151828,4.066414,0.000000,0.500000,0.082080
0.152176,4.071173,0.000000,0.500000,0.079389
0.152464,4.075738,0.000000,0.500000,0.066902
0.152733,4.080269,0.000000,0.500000,0.059752
0.153006,4.084828,0.000000,0.500000,0.058965
0.153298,4.089423,0.000000,0.500000,0.061055
0.153613,4.094048,0.000000,0.500000,0.066322
0.153944,4.098691,0.000000,0.500000,0.070144
0.154286,4.103350,0.000000,0.500000,0.072355
0.154632,4.108021,0.000000,0.500000,0.074000
0.154980,4.112704,0.000000,0.500000,0.074311
0.155324,4.117396,0.000000,0.500000,0.073864
0.155661,4.122096,0.000000,0.500000,0.072682
0.155985,4.126796,0.000000,0.500000,0.070432
0.156295,4.131491,0.000000,0.500000,0.067402
0.156595,4.136177,0.000000,0.500000,0.064444
0.156893,4.140855,0.000000,0.500000,0.063544
0.157191,4.145521,0.000000,0.500000,0.063598
0.157489,4.150172,0.000000,0.500000,0.064061
0.157786,4.154804,0.000000,0.500000,0.063879
0.158084,4.159415,0.000000,0.500000,0.064246
0.158381,4.164004,0.000000,0.500000,0.064644
0.158672,4.168565,0.000000,0.500000,0.064486
0.158956,4.173111,0.000000,0.500000,0.062872
0.159233,4.177654,0.000000,0.500000,0.061635
0.159505,4.182203,0.000000,0.500000,0.060522
0.159773,4.186760,0.000000,0.500000,0.059408
0.160038,4.191263,0.000000,0.500000,0.059218
0.160355,4.195690,0.000000,0.500000,0.059535
0.160748,4.200122,0.000000,0.500000,0.083070
0.161138,4.204593,0.000000,0.500000,0.092359
0.161508,4.209103,0.000000,0.500000,0.081021
0.161866,4.213652,0.000000,0.500000,0.083961
0.162171,4.218181,0.000000,0.500000,0.076421
0.162427,4.222678,0.000000,0.500000,0.064482
0.162694,4.227213,0.000000,0.500000,0.059712
0.162961,4.231984,0.000000,0.500000,0.061818
0.163068,4.236729,0.000000,0.500000,0.045971
0.163040,4.241356,0.000000,0.500000,0.000582
0.163096,4.246007,0.000000,0.500000,0.011653
0.163292,4.250701,0.000000,0.500000,0.031600
0.163528,4.255436,0.000000,0.500000,0.044837
0.163882,4.260209,0.000000,0.500000,0.050868
0.164268,4.264919,0.000000,0.500000,0.091804
0.164674,4.269556,0.000000,0.500000,0.095354
0.165033,4.274255,0.000000,0.500000,0.079710
0.165405,4.279037,0.000000,0.500000,0.074427
0.165812,4.283873,0.000000,0.500000,0.081328
0.166242,4.288739,0.000000,0.500000,0.086435
0.166694,4.293606,0.000000,0.500000,0.089318
0.167169,4.298449,0.000000,0.500000,0.094419
0.167661,4.303323,0.000000,0.500000,0.099369
0.168100,4.308326,0.000000,0.500000,0.097421
0.168458,4.313224,0.000000,0.500000,0.075268
0.168830,4.317962,0.000000,0.500000,0.069770
0.169253,4.322615,0.000000,0.500000,0.082650
0.169674,4.327500,0.000000,0.500000,0.093930
0.170065,4.332227,0.000000,0.500000,0.091903
0.170385,4.336751,0.000000,0.500000,0.073402
0.170687,4.341235,0.000000,0.500000,0.068058
0.170987,4.345745,0.000000,0.500000,0.067254
0.171296,4.350301,0.000000,0.500000,0.065992
0.171626,4.354900,0.000000,0.500000,0.069512
0.171973,4.359528,0.000000,0.500000,0.073909
0.172333,4.364173,0.000000,0.500000,0.076230
0.172705,4.368834,0.000000,0.500000,0.078476
0.173083,4.373508,0.000000,0.500000,0.080864
0.173459,4.378191,0.000000,0.500000,0.080694
0.173825,4.382880,0.000000,0.500000,0.079351
0.174181,4.387574,0.000000,0.500000,0.076768
0.174526,4.392263,0.000000,0.500000,0.074517
0.174859,4.396943,0.000000,0.500000,0.072256
0.175184,4.401612,0.000000,0.500000,0.069891
0.175506,4.406270,0.000000,0.500000,0.069070
0.175827,4.410914,0.000000,0.500000,0.068741
0.176148,4.415540,0.000000,0.500000,0.069225
0.176469,4.420149,0.000000,0.500000,0.069390
0.176788,4.424737,0.000000,0.500000,0.069497
0.177102,4.429297,0.000000,0.500000,0.069316
0.177409,4.433836,0.000000,0.500000,0.067868
0.177713,4.438366,0.000000,0.500000,0.067366
0.178010,4.442894,0.000000,0.500000,0.066695
0.178303,4.447428,0.000000,0.500000,0.065108
0.178596,4.451908,0.000000,0.500000,0.064688
0.178948,4.456319,0.000000,0.500000,0.067595
0.179372,4.460722,0.000000,0.500000,0.091317
0.179790,4.465131,0.000000,0.500000,0.099313
0.180190,4.469561,0.000000,0.500000,0.089227
0.180578,4.474035,0.000000,0.500000,0.092083
0.180916,4.478510,0.000000,0.500000,0.084140
0.181204,4.482968,0.000000,0.500000,0.072864
0.181507,4.487473,0.000000,0.500000,0.066674
0.181808,4.492251,0.000000,0.500000,0.071285
0.181953,4.497021,0.000000,0.500000,0.051416
0.181961,4.501670,0.000000,0.500000,0.009715
0.182042,4.506327,0.000000,0.500000,0.006099
0.182289,4.511003,0.000000,0.500000,0.037327
0.182582,4.515742,0.000000,0.500000,0.061471
0.182969,4.520529,0.000000,0.500000,0.057991
0.183390,4.525274,0.000000,0.500000,0.098247
0.183825,4.529945,0.000000,0.500000,0.101644
0.184218,4.534661,0.000000,0.500000,0.084455
0.184632,4.539453,0.000000,0.500000,0.083199
0.185078,4.544296,0.000000,0.500000,0.089474
0.185545,4.549169,0.000000,0.500000,0.093810
0.186036,4.554045,0.000000,0.500000,0.096845
0.186542,4.558895,0.000000,0.500000,0.102145
0.187063,4.563710,0.000000,0.500000,0.104011
0.187601,4.568618,0.000000,0.500000,0.109591
0.188076,4.573579,0.000000,0.500000,0.107073
0.188515,4.578391,0.000000,0.500000,0.082723
0.189001,4.583054,0.000000,0.500000,0.094864
0.189482,4.587863,0.000000,0.500000,0.108491
0.189902,4.592593,0.000000,0.500000,0.096793
0.190254,4.597104,0.000000,0.500000,0.080617
0.190590,4.601562,0.000000,0.500000,0.075412
0.190922,4.606037,0.000000,0.500000,0.075611
0.191249,4.610557,0.000000,0.500000,0.072621
0.191587,4.615122,0.000000,0.500000,0.072171
0.191944,4.619720,0.000000,0.500000,0.075890
0.192318,4.624339,0.000000,0.500000,0.079338
0.192709,4.628962,0.000000,0.500000,0.082431
0.193115,4.633591,0.000000,0.500000,0.086417
0.193527,4.638232,0.000000,0.500000,0.088496
0.193936,4.642883,0.000000,0.500000,0.088508
0.194337,4.647543,0.000000,0.500000,0.087074
0.194726,4.652207,0.000000,0.500000,0.084504
0.195103,4.656868,0.000000,0.500000,0.081931
0.195467,4.661520,0.000000,0.500000,0.079174
0.195822,4.666160,0.000000,0.500000,0.076790
0.196173,4.670789,0.000000,0.500000,0.075996
0.196524,4.675407,0.000000,0.500000,0.075576
0.196875,4.680009,0.000000,0.500000,0.075845
0.197227,4.684594,0.000000,0.500000,0.076522
0.197578,4.689161,0.000000,0.500000,0.076677
0.197923,4.693699,0.000000,0.500000,0.076538
0.198260,4.698216,0.000000,0.500000,0.074797
0.198595,4.702724,0.000000,0.500000,0.074269
0.198931,4.707234,0.000000,0.500000,0.074331
0.199266,4.711754,0.000000,0.500000,0.074835
0.199599,4.716283,0.000000,0.500000,0.074345
0.199937,4.720761,0.000000,0.500000,0.073754
0.200339,4.725188,0.000000,0.500000,0.077833
0.200795,4.729587,0.000000,0.500000,0.102506
0.201231,4.733970,0.000000,0.500000,0.103006
0.201652,4.738379,0.000000,0.500000,0.094619
0.202066,4.742835,0.000000,0.500000,0.097140
0.202439,4.747297,0.000000,0.500000,0.091955
0.202772,4.751760,0.000000,0.500000,0.080825
0.203137,4.756297,0.000000,0.500000,0.078553
0.203454,4.761216,0.000000,0.500000,0.085504
0.203613,4.766029,0.000000,0.500000,0.048007
0.203666,4.770679,0.000000,0.500000,0.018815
0.203810,4.775302,0.000000,0.500000,0.004083
0.204128,4.779976,0.000000,0.500000,0.055890
0.204490,4.784733,0.000000,0.500000,0.073890
0.204939,4.789526,0.000000,0.500000,0.072588
0.205397,4.794278,0.000000,0.500000,0.109475
0.205869,4.798951,0.000000,0.500000,0.106845
0.206303,4.803662,0.000000,0.500000,0.094822
0.206753,4.808444,0.000000,0.500000,0.090138
0.207244,4.813273,0.000000,0.500000,0.097571
0.207758,4.818134,0.000000,0.500000,0.104691
0.208289,4.822994,0.000000,0.500000,0.105378
0.208839,4.827825,0.000000,0.500000,0.110898
0.209407,4.832624,0.000000,0.500000,0.113899
0.209986,4.837574,0.000000,0.500000,0.119827
0.210498,4.842509,0.000000,0.500000,0.114267
0.210982,4.847291,0.000000,0.500000,0.092779
0.211508,4.851932,0.000000,0.500000,0.104947
0.212021,4.856797,0.000000,0.500000,0.116380
0.212494,4.861494,0.000000,0.500000,0.110041
0.212885,4.865985,0.000000,0.500000,0.090682
0.213254,4.870429,0.000000,0.500000,0.083225
0.213623,4.874901,0.000000,0.500000,0.083035
0.213995,4.879422,0.000000,0.500000,0.082131
0.214380,4.883990,0.000000,0.500000,0.082337
0.214786,4.888594,0.000000,0.500000,0.086198
0.215209,4.893218,0.000000,0.500000,0.089653
0.215649,4.897848,0.000000,0.500000,0.092888
0.216103,4.902483,0.000000,0.500000,0.096908
0.216561,4.907129,0.000000,0.500000,0.098395
0.217014,4.911781,0.000000,0.500000,0.098018
0.217458,4.916436,0.000000,0.500000,0.096318
0.217889,4.921089,0.000000,0.500000,0.093655
0.218307,4.925736,0.000000,0.500000,0.091015
0.218711,4.930372,0.000000,0.500000,0.088249
0.219107,4.934995,0.000000,0.500000,0.085729
0.219499,4.939606,0.000000,0.500000,0.084869
0.219890,4.944206,0.000000,0.500000,0.084708
0.220282,4.948795,0.000000,0.500000,0.084989
0.220673,4.953368,0.000000,0.500000,0.085308
0.221065,4.957921,0.000000,0.500000,0.085517
0.221452,4.962446,0.000000,0.500000,0.086039
0.221832,4.966953,0.000000,0.500000,0.084442
0.222209,4.971455,0.000000,0.500000,0.083911
0.222589,4.975961,0.000000,0.500000,0.083957
0.222969,4.980480,0.000000,0.500000,0.084714
0.223349,4.984949,0.000000,0.500000,0.083967
0.223782,4.989348,0.000000,0.500000,0.086907
0.224290,4.993724,0.000000,0.500000,0.109148
0.224775,4.998075,0.000000,0.500000,0.120593
0.225235,5.002430,0.000000,0.500000,0.101039
0.225701,5.006837,0.000000,0.500000,0.110104
