0.000000,0.000000,0.000000,-0.500000,0.000000
0.000127,-0.000065,0.000000,-0.500000,90.000000
0.000410,-0.000687,0.000000,-0.500000,60.467366
0.000844,-0.002205,0.000000,-0.500000,21.134942
0.001293,-0.004454,0.000000,-0.500000,12.974093
0.001737,-0.007167,0.000000,-0.500000,10.061457
0.002191,-0.010244,0.000000,-0.500000,8.660480
0.002674,-0.013681,0.000000,-0.500000,8.191153
0.003185,-0.017429,0.000000,-0.500000,7.811333
0.003715,-0.021441,0.000000,-0.500000,7.705666
0.004238,-0.025694,0.000000,-0.500000,7.271284
0.004755,-0.030133,0.000000,-0.500000,6.754212
0.005271,-0.034710,0.000000,-0.500000,6.510933
0.005786,-0.039389,0.000000,-0.500000,6.338168
0.006300,-0.044133,0.000000,-0.500000,6.213940
0.006811,-0.048916,0.000000,-0.500000,6.145806
0.007311,-0.053723,0.000000,-0.500000,6.033750
0.007794,-0.058537,0.000000,-0.500000,5.837390
0.008261,-0.063349,0.000000,-0.500000,5.621978
0.008716,-0.068155,0.000000,-0.500000,5.467719
0.009162,-0.072959,0.000000,-0.500000,5.346114
0.009600,-0.077760,0.000000,-0.500000,5.250276
0.010034,-0.082547,0.000000,-0.500000,5.182333
0.010466,-0.087312,0.000000,-0.500000,5.171042
0.010895,-0.092054,0.000000,-0.500000,5.181709
0.011321,-0.096774,0.000000,-0.500000,5.162391
0.011744,-0.101475,0.000000,-0.500000,5.146266
0.012168,-0.106160,0.000000,-0.500000,5.154436
0.012588,-0.110832,0.000000,-0.500000,5.161208
0.013006,-0.115496,0.000000,-0.500000,5.119225
0.013426,-0.120162,0.000000,-0.500000,5.119531
0.013853,-0.124855,0.000000,-0.500000,5.178129
0.014278,-0.129564,0.000000,-0.500000,5.299102
0.014697,-0.134292,0.000000,-0.500000,5.147331
0.015123,-0.139073,0.000000,-0.500000,5.213182
0.015511,-0.143864,0.000000,-0.500000,5.141796
0.015806,-0.148607,0.000000,-0.500000,4.195691
0.016064,-0.153329,0.000000,-0.500000,3.288826
0.016334,-0.158009,0.000000,-0.500000,3.259108
0.016605,-0.162557,0.000000,-0.500000,3.641391
0.017000,-0.167049,0.000000,-0.500000,3.671026
0.017541,-0.171628,0.000000,-0.500000,7.727981
0.018024,-0.176048,0.000000,-0.500000,5.604849
0.018490,-0.180435,0.000000,-0.500000,6.734942
0.018820,-0.185087,0.000000,-0.500000,5.231167
0.019147,-0.189679,0.000000,-0.500000,2.906523
0.019614,-0.194198,0.000000,-0.500000,5.291495
0.020134,-0.198678,0.000000,-0.500000,6.439159
0.020636,-0.203111,0.000000,-0.500000,6.661165
0.021063,-0.207480,0.000000,-0.500000,6.088454
0.021396,-0.211818,0.000000,-0.500000,4.907763
0.021670,-0.216163,0.000000,-0.500000,3.759374
0.021936,-0.220530,0.000000,-0.500000,3.380865
0.022240,-0.224941,0.000000,-0.500000,3.541587
0.022593,-0.229540,0.000000,-0.500000,3.848401
0.022979,-0.234004,0.000000,-0.500000,4.823558
0.023364,-0.238352,0.000000,-0.500000,4.918735
0.023737,-0.242638,0.000000,-0.500000,5.053896
0.024001,-0.247166,0.000000,-0.500000,2.787963
0.024313,-0.251662,0.000000,-0.500000,3.822888
0.024611,-0.256160,0.000000,-0.500000,4.126370
0.024854,-0.260650,0.000000,-0.500000,3.472238
0.025064,-0.265110,0.000000,-0.500000,2.758726
0.025274,-0.269554,0.000000,-0.500000,2.649451
0.025501,-0.274012,0.000000,-0.500000,2.787497
0.025748,-0.278504,0.000000,-0.500000,3.027340
0.026018,-0.283041,0.000000,-0.500000,3.285628
0.026313,-0.287628,0.000000,-0.500000,3.541567
0.026632,-0.292264,0.000000,-0.500000,3.806267
0.026977,-0.296943,0.000000,-0.500000,4.079619
0.027348,-0.301657,0.000000,-0.500000,4.358799
0.027743,-0.306398,0.000000,-0.500000,4.635069
0.028163,-0.311158,0.000000,-0.500000,4.914978
0.028606,-0.315927,0.000000,-0.500000,5.185737
0.029063,-0.320691,0.000000,-0.500000,5.429501
0.029527,-0.325438,0.000000,-0.500000,5.551861
0.029989,-0.330152,0.000000,-0.500000,5.612597
0.030443,-0.334821,0.000000,-0.500000,5.602826
0.030895,-0.339472,0.000000,-0.500000,5.525904
0.031339,-0.344086,0.000000,-0.500000,5.654644
0.031766,-0.348637,0.000000,-0.500000,5.417704
0.032182,-0.353159,0.000000,-0.500000,5.436667
0.032597,-0.357671,0.000000,-0.500000,5.290515
0.032999,-0.362177,0.000000,-0.500000,5.494407
0.033350,-0.366672,0.000000,-0.500000,4.862095
0.033643,-0.371168,0.000000,-0.500000,4.358777
0.033867,-0.375692,0.000000,-0.500000,3.352326
0.034045,-0.380172,0.000000,-0.500000,2.613305
0.034421,-0.384749,0.000000,-0.500000,2.379414
0.034969,-0.389295,0.000000,-0.500000,5.939234
0.035613,-0.393656,0.000000,-0.500000,7.611049
0.036265,-0.398143,0.000000,-0.500000,9.020757
0.036926,-0.402673,0.000000,-0.500000,7.380477
0.037670,-0.407174,0.000000,-0.500000,9.075934
0.038434,-0.411676,0.000000,-0.500000,9.542521
0.039192,-0.416184,0.000000,-0.500000,9.592772
0.039926,-0.420697,0.000000,-0.500000,9.369445
0.040624,-0.425205,0.000000,-0.500000,8.989625
0.041274,-0.429700,0.000000,-0.500000,8.488394
0.041874,-0.434189,0.000000,-0.500000,7.834579
0.042433,-0.438677,0.000000,-0.500000,7.273318
0.042941,-0.443285,0.000000,-0.500000,6.791020
0.043431,-0.447865,0.000000,-0.500000,5.875774
0.043935,-0.452387,0.000000,-0.500000,6.125604
0.044437,-0.456880,0.000000,-0.500000,6.357041
0.044820,-0.461423,0.000000,-0.500000,6.163426
0.045008,-0.466100,0.000000,-0.500000,2.516857
0.045176,-0.470736,0.000000,-0.500000,2.088810
0.045331,-0.475346,0.000000,-0.500000,2.054660
0.045467,-0.479921,0.000000,-0.500000,1.795445
0.045616,-0.484451,0.000000,-0.500000,1.724800
0.045791,-0.488959,0.000000,-0.500000,2.024056
0.046001,-0.493472,0.000000,-0.500000,2.447022
0.046246,-0.498005,0.000000,-0.500000,2.875476
0.046526,-0.502564,0.000000,-0.500000,3.305125
0.046840,-0.507150,0.000000,-0.500000,3.717553
0.047187,-0.511763,0.000000,-0.500000,4.112029
0.047561,-0.516396,0.000000,-0.500000,4.476791
0.047959,-0.521044,0.000000,-0.500000,4.771908
0.048375,-0.525699,0.000000,-0.500000,4.997333
0.048809,-0.530358,0.000000,-0.500000,5.217497
0.049259,-0.535010,0.000000,-0.500000,5.424578
0.049721,-0.539645,0.000000,-0.500000,5.612532
0.050191,-0.544253,0.000000,-0.500000,5.759248
0.050668,-0.548824,0.000000,-0.500000,5.898579
0.051149,-0.553370,0.000000,-0.500000,6.038247
0.051634,-0.557867,0.000000,-0.500000,6.125538
0.052130,-0.562323,0.000000,-0.500000,6.294870
0.052639,-0.566798,0.000000,-0.500000,6.608934
0.053164,-0.571303,0.000000,-0.500000,6.580910
0.053649,-0.575807,0.000000,-0.500000,6.723629
0.054066,-0.580293,0.000000,-0.500000,5.755592
0.054430,-0.584779,0.000000,-0.500000,5.139565
0.054716,-0.589278,0.000000,-0.500000,4.394948
0.054917,-0.593720,0.000000,-0.500000,3.171310
0.055109,-0.598079,0.000000,-0.500000,2.472561
0.055646,-0.602645,0.000000,-0.500000,6.137662
0.056227,-0.607048,0.000000,-0.500000,6.921510
0.056795,-0.611547,0.000000,-0.500000,7.869103
0.057382,-0.616220,0.000000,-0.500000,6.401701
0.058043,-0.620859,0.000000,-0.500000,7.801688
0.058733,-0.625513,0.000000,-0.500000,8.318944
0.059424,-0.630178,0.000000,-0.500000,8.427550
0.060093,-0.634838,0.000000,-0.500000,8.309519
0.060723,-0.639495,0.000000,-0.500000,7.914839
0.061304,-0.644148,0.000000,-0.500000,7.365919
0.061835,-0.648799,0.000000,-0.500000,6.764715
0.062318,-0.653454,0.000000,-0.500000,6.146024
0.062768,-0.658105,0.000000,-0.500000,5.596603
0.063196,-0.662839,0.000000,-0.500000,5.330852
0.063631,-0.667557,0.000000,-0.500000,4.936940
0.064080,-0.672164,0.000000,-0.500000,5.407034
0.064420,-0.676802,0.000000,-0.500000,5.472781
0.064585,-0.681573,0.000000,-0.500000,2.043566
0.064749,-0.686285,0.000000,-0.500000,1.899976
0.064913,-0.690969,0.000000,-0.500000,2.088103
0.065059,-0.695624,0.000000,-0.500000,1.920810
0.065196,-0.700232,0.000000,-0.500000,1.667013
0.065351,-0.704800,0.000000,-0.500000,1.771218
0.065538,-0.709359,0.000000,-0.500000,2.125007
0.065759,-0.713929,0.000000,-0.500000,2.561435
0.066017,-0.718525,0.000000,-0.500000,2.993776
0.066307,-0.723148,0.000000,-0.500000,3.405708
0.066629,-0.727800,0.000000,-0.500000,3.784116
0.066978,-0.732476,0.000000,-0.500000,4.124911
0.067351,-0.737170,0.000000,-0.500000,4.422033
0.067744,-0.741877,0.000000,-0.500000,4.661654
0.068156,-0.746590,0.000000,-0.500000,4.881402
0.068586,-0.751304,0.000000,-0.500000,5.102153
0.069031,-0.756009,0.000000,-0.500000,5.314865
0.069488,-0.760688,0.000000,-0.500000,5.504648
0.069950,-0.765329,0.000000,-0.500000,5.624817
0.070422,-0.769940,0.000000,-0.500000,5.772488
0.070901,-0.774536,0.000000,-0.500000,5.939858
0.071388,-0.779085,0.000000,-0.500000,6.031290
0.071887,-0.783617,0.000000,-0.500000,6.339393
0.072397,-0.788186,0.000000,-0.500000,6.409511
0.072915,-0.792778,0.000000,-0.500000,6.561502
0.073380,-0.797353,0.000000,-0.500000,6.326146
0.073794,-0.801901,0.000000,-0.500000,5.495128
0.074156,-0.806441,0.000000,-0.500000,5.175184
0.074448,-0.810974,0.000000,-0.500000,4.188111
0.074695,-0.815430,0.000000,-0.500000,3.491844
0.075100,-0.820019,0.000000,-0.500000,3.084640
0.075598,-0.824618,0.000000,-0.500000,5.731038
0.076142,-0.829029,0.000000,-0.500000,6.648171
0.076634,-0.833617,0.000000,-0.500000,7.152849
0.077108,-0.838303,0.000000,-0.500000,4.984086
0.077675,-0.842968,0.000000,-0.500000,6.506062
0.078289,-0.847640,0.000000,-0.500000,7.271798
0.078908,-0.852317,0.000000,-0.500000,7.567777
0.079492,-0.856985,0.000000,-0.500000,7.378889
0.080018,-0.861633,0.000000,-0.500000,6.762085
0.080482,-0.866265,0.000000,-0.500000,6.033240
0.080890,-0.870892,0.000000,-0.500000,5.294462
0.081252,-0.875516,0.000000,-0.500000,4.676805
0.081593,-0.880128,0.000000,-0.500000,4.178415
0.081926,-0.884898,0.000000,-0.500000,4.155055
0.082288,-0.889604,0.000000,-0.500000,3.941640
0.082666,-0.894176,0.000000,-0.500000,4.660586
0.082920,-0.898760,0.000000,-0.500000,4.560458
0.082998,-0.903474,0.000000,-0.500000,0.871459
0.083098,-0.908124,0.000000,-0.500000,1.032985
0.083203,-0.912744,0.000000,-0.500000,1.416714
0.083280,-0.917363,0.000000,-0.500000,1.154464
0.083340,-0.921934,0.000000,-0.500000,0.770774
0.083418,-0.926461,0.000000,-0.500000,0.810285
0.083530,-0.930971,0.000000,-0.500000,1.170424
0.083684,-0.935488,0.000000,-0.500000,1.675787
0.083880,-0.940029,0.000000,-0.500000,2.219242
0.084118,-0.944599,0.000000,-0.500000,2.733532
0.084393,-0.949201,0.000000,-0.500000,3.208798
0.084704,-0.953833,0.000000,-0.500000,3.645064
0.085044,-0.958487,0.000000,-0.500000,4.022567
0.085411,-0.963157,0.000000,-0.500000,4.353241
0.085799,-0.967835,0.000000,-0.500000,4.617872
0.086206,-0.972518,0.000000,-0.500000,4.859113
0.086634,-0.977199,0.000000,-0.500000,5.101246
0.087078,-0.981872,0.000000,-0.500000,5.336101
0.087533,-0.986522,0.000000,-0.500000,5.522777
0.087993,-0.991134,0.000000,-0.500000,5.641362
0.088463,-0.995724,0.000000,-0.500000,5.784572
0.088933,-1.000277,0.000000,-0.500000,5.949992
0.089412,-1.004785,0.000000,-0.500000,5.961508
0.089906,-1.009310,0.000000,-0.500000,6.341737
0.090425,-1.013868,0.000000,-0.500000,6.338313
0.090927,-1.018412,0.000000,-0.500000,6.642835
0.091382,-1.022908,0.000000,-0.500000,6.091301
0.091798,-1.027395,0.000000,-0.500000,5.718123
0.092158,-1.031903,0.000000,-0.500000,5.134038
0.092451,-1.036375,0.000000,-0.500000,4.255150
0.092820,-1.040873,0.000000,-0.500000,3.716161
0.093372,-1.045473,0.000000,-0.500000,6.686854
0.093935,-1.049924,0.000000,-0.500000,6.590590
0.094477,-1.054360,0.000000,-0.500000,7.589817
0.095012,-1.059029,0.000000,-0.500000,5.865381
0.095611,-1.063647,0.000000,-0.500000,7.118096
0.096230,-1.068279,0.000000,-0.500000,7.546641
0.096833,-1.072925,0.000000,-0.500000,7.549995
0.097396,-1.077565,0.000000,-0.500000,7.116337
0.097911,-1.082189,0.000000,-0.500000,6.606214
0.098365,-1.086795,0.000000,-0.500000,5.965965
0.098759,-1.091400,0.000000,-0.500000,5.188936
0.099101,-1.096017,0.000000,-0.500000,4.483153
0.099405,-1.100636,0.000000,-0.500000,3.855383
0.099691,-1.105363,0.000000,-0.500000,3.572727
0.099991,-1.110075,0.000000,-0.500000,3.263806
0.100300,-1.114652,0.000000,-0.500000,3.813803
0.100487,-1.119234,0.000000,-0.500000,3.669692
0.100509,-1.123947,0.000000,-0.500000,0.130121
0.100561,-1.128598,0.000000,-0.500000,0.395339
0.100625,-1.133206,0.000000,-0.500000,0.869685
0.100652,-1.137815,0.000000,-0.500000,0.725471
0.100642,-1.142397,0.000000,-0.500000,0.030706
0.100646,-1.146928,0.000000,-0.500000,0.135768
0.100686,-1.151437,0.000000,-0.500000,0.239594
0.100770,-1.155955,0.000000,-0.500000,0.780471
0.100898,-1.160496,0.000000,-0.500000,1.339103
0.101069,-1.165066,0.000000,-0.500000,1.884480
0.101281,-1.169665,0.000000,-0.500000,2.396151
0.101531,-1.174292,0.000000,-0.500000,2.874712
0.101818,-1.178943,0.000000,-0.500000,3.323485
0.102137,-1.183611,0.000000,-0.500000,3.735800
0.102481,-1.188287,0.000000,-0.500000,4.066986
0.102848,-1.192965,0.000000,-0.500000,4.346333
0.103238,-1.197640,0.000000,-0.500000,4.630022
0.103647,-1.202303,0.000000,-0.500000,4.899289
0.104075,-1.206942,0.000000,-0.500000,5.136766
0.104518,-1.211546,0.000000,-0.500000,5.390280
0.104974,-1.216111,0.000000,-0.500000,5.605397
0.105443,-1.220657,0.000000,-0.500000,5.846152
0.105924,-1.225161,0.000000,-0.500000,6.017940
0.106422,-1.229635,0.000000,-0.500000,6.310147
0.106931,-1.234135,0.000000,-0.500000,6.578063
0.107458,-1.238660,0.000000,-0.500000,6.567403
0.107955,-1.243166,0.000000,-0.500000,6.724353
0.108406,-1.247639,0.000000,-0.500000,6.046812
0.108811,-1.252112,0.000000,-0.500000,5.727742
0.109148,-1.256603,0.000000,-0.500000,4.877403
0.109420,-1.261043,0.000000,-0.500000,3.956186
0.109770,-1.265506,0.000000,-0.500000,3.518197
0.110292,-1.270078,0.000000,-0.500000,6.480520
0.110821,-1.274504,0.000000,-0.500000,6.155897
0.111340,-1.279010,0.000000,-0.500000,7.246545
0.111867,-1.283667,0.000000,-0.500000,5.655087
0.112480,-1.288287,0.000000,-0.500000,7.179300
0.113126,-1.292932,0.000000,-0.500000,7.816006
0.113761,-1.297598,0.000000,-0.500000,7.894397
0.114357,-1.302261,0.000000,-0.500000,7.472053
0.114904,-1.306910,0.000000,-0.500000,6.973657
0.115392,-1.311546,0.000000,-0.500000,6.324518
0.115821,-1.316181,0.000000,-0.500000,5.581195
0.116198,-1.320824,0.000000,-0.500000,4.884041
0.116540,-1.325465,0.000000,-0.500000,4.278067
0.116864,-1.330192,0.000000,-0.500000,4.033980
0.117203,-1.334898,0.000000,-0.500000,3.732719
0.117557,-1.339480,0.000000,-0.500000,4.319179
0.117797,-1.344090,0.000000,-0.500000,4.274293
0.117861,-1.348840,0.000000,-0.500000,0.831557
0.117928,-1.353534,0.000000,-0.500000,0.706822
0.117991,-1.358207,0.000000,-0.500000,0.909338
0.118028,-1.362857,0.000000,-0.500000,0.642570
0.118053,-1.367457,0.000000,-0.500000,0.286862
0.118100,-1.372013,0.000000,-0.500000,0.391277
0.118183,-1.376556,0.000000,-0.500000,0.795470
0.118307,-1.381112,0.000000,-0.500000,1.295647
0.118472,-1.385690,0.000000,-0.500000,1.808233
0.118680,-1.390292,0.000000,-0.500000,2.327134
0.118927,-1.394920,0.000000,-0.500000,2.826718
0.119211,-1.399573,0.000000,-0.500000,3.281265
0.119527,-1.404244,0.000000,-0.500000,3.701983
0.119871,-1.408928,0.000000,-0.500000,4.051746
0.120237,-1.413617,0.000000,-0.500000,4.332935
0.120626,-1.418309,0.000000,-0.500000,4.603418
0.121033,-1.422994,0.000000,-0.500000,4.857608
0.121458,-1.427661,0.000000,-0.500000,5.086939
0.121897,-1.432299,0.000000,-0.500000,5.311867
0.122347,-1.436899,0.000000,-0.500000,5.499990
0.122806,-1.441477,0.000000,-0.500000,5.690483
0.123268,-1.446014,0.000000,-0.500000,5.813106
0.123748,-1.450512,0.000000,-0.500000,5.951122
0.124249,-1.455034,0.000000,-0.500000,6.409931
0.124774,-1.459597,0.000000,-0.500000,6.449406
0.125271,-1.464158,0.000000,-0.500000,6.653526
0.125704,-1.468685,0.000000,-0.500000,5.913237
0.126094,-1.473192,0.000000,-0.500000,5.286028
0.126429,-1.477707,0.000000,-0.500000,4.859095
0.126694,-1.482171,0.000000,-0.500000,3.907057
0.126950,-1.486565,0.000000,-0.500000,3.373326
0.127497,-1.491190,0.000000,-0.500000,6.711692
0.128042,-1.495640,0.000000,-0.500000,6.417313
0.128543,-1.500090,0.000000,-0.500000,7.313761
0.129025,-1.504807,0.000000,-0.500000,5.205395
0.129561,-1.509479,0.000000,-0.500000,6.333043
0.130118,-1.514175,0.000000,-0.500000,6.682507
0.130676,-1.518886,0.000000,-0.500000,6.723122
0.131210,-1.523587,0.000000,-0.500000,6.686738
0.131691,-1.528271,0.000000,-0.500000,6.153908
0.132111,-1.532936,0.000000,-0.500000,5.442101
0.132478,-1.537587,0.000000,-0.500000,4.751838
0.132801,-1.542230,0.000000,-0.500000,4.166004
0.133105,-1.546853,0.000000,-0.500000,3.693880
0.133401,-1.551587,0.000000,-0.500000,3.702344
0.133713,-1.556307,0.000000,-0.500000,3.400161
0.134038,-1.560880,0.000000,-0.500000,3.970866
0.134191,-1.565555,0.000000,-0.500000,3.905276
0.134249,-1.570267,0.000000,-0.500000,0.618918
0.134337,-1.574932,0.000000,-0.500000,0.790624
0.134441,-1.579587,0.000000,-0.500000,1.340740
0.134527,-1.584232,0.000000,-0.500000,1.213169
0.134597,-1.588837,0.000000,-0.500000,0.924165
0.134679,-1.593402,0.000000,-0.500000,0.889920
0.134792,-1.597953,0.000000,-0.500000,1.179951
0.134941,-1.602514,0.000000,-0.500000,1.651238
0.135126,-1.607098,0.000000,-0.500000,2.095625
0.135344,-1.611709,0.000000,-0.500000,2.516345
0.135594,-1.616348,0.000000,-0.500000,2.907003
0.135873,-1.621012,0.000000,-0.500000,3.260033
0.136179,-1.625698,0.000000,-0.500000,3.591385
0.136509,-1.630398,0.000000,-0.500000,3.880613
0.136861,-1.635104,0.000000,-0.500000,4.148637
0.137233,-1.639812,0.000000,-0.500000,4.403447
0.137625,-1.644514,0.000000,-0.500000,4.647799
0.138033,-1.649199,0.000000,-0.500000,4.875888
0.138451,-1.653852,0.000000,-0.500000,5.068755
0.138880,-1.658464,0.000000,-0.500000,5.224478
0.139320,-1.663062,0.000000,-0.500000,5.428036
0.139764,-1.667625,0.000000,-0.500000,5.574484
0.140212,-1.672154,0.000000,-0.500000,5.655073
0.140668,-1.676710,0.000000,-0.500000,5.844891
0.141150,-1.681295,0.000000,-0.500000,5.867516
0.141608,-1.685856,0.000000,-0.500000,6.107024
0.142018,-1.690374,0.000000,-0.500000,5.510877
0.142385,-1.694882,0.000000,-0.500000,5.121809
0.142700,-1.699405,0.000000,-0.500000,4.457898
0.142972,-1.703876,0.000000,-0.500000,3.783592
0.143400,-1.708485,0.000000,-0.500000,3.573189
0.143901,-1.713103,0.000000,-0.500000,5.964466
0.144431,-1.717543,0.000000,-0.500000,6.318957
0.144911,-1.722053,0.000000,-0.500000,7.047245
0.145370,-1.726716,0.000000,-0.500000,4.846260
0.145913,-1.731335,0.000000,-0.500000,6.324968
0.146489,-1.735960,0.000000,-0.500000,6.972411
0.147056,-1.740593,0.000000,-0.500000,7.079809
0.147580,-1.745219,0.000000,-0.500000,6.741378
0.148045,-1.749827,0.000000,-0.500000,6.066649
0.148448,-1.754418,0.000000,-0.500000,5.341340
0.148792,-1.759006,0.000000,-0.500000,4.564408
0.149090,-1.763602,0.000000,-0.500000,3.920331
0.149363,-1.768191,0.000000,-0.500000,3.372114
0.149625,-1.772933,0.000000,-0.500000,3.314533
0.149913,-1.777618,0.000000,-0.500000,3.093836
0.150217,-1.782177,0.000000,-0.500000,3.751922
0.150398,-1.786751,0.000000,-0.500000,3.632065
0.150403,-1.791457,0.000000,-0.500000,0.004252
0.150425,-1.796101,0.000000,-0.500000,0.109537
0.150449,-1.800726,0.000000,-0.500000,0.432349
0.150446,-1.805333,0.000000,-0.500000,0.152287
0.150431,-1.809891,0.000000,-0.500000,0.196379
0.150438,-1.814404,0.000000,-0.500000,0.118854
0.150483,-1.818903,0.000000,-0.500000,0.297502
0.150572,-1.823413,0.000000,-0.500000,0.853619
0.150705,-1.827947,0.000000,-0.500000,1.406638
0.150880,-1.832511,0.000000,-0.500000,1.943093
0.151094,-1.837105,0.000000,-0.500000,2.439737
0.151345,-1.841728,0.000000,-0.500000,2.903769
0.151629,-1.846375,0.000000,-0.500000,3.316805
0.151940,-1.851037,0.000000,-0.500000,3.669713
0.152276,-1.855708,0.000000,-0.500000,3.970850
0.152634,-1.860382,0.000000,-0.500000,4.247185
0.153013,-1.865054,0.000000,-0.500000,4.516141
0.153412,-1.869714,0.000000,-0.500000,4.773256
0.153826,-1.874352,0.000000,-0.500000,5.000697
0.154250,-1.878952,0.000000,-0.500000,5.191992
0.154684,-1.883527,0.000000,-0.500000,5.362969
0.155121,-1.888062,0.000000,-0.500000,5.531333
0.155575,-1.892551,0.000000,-0.500000,5.599705
0.156049,-1.897049,0.000000,-0.500000,6.118450
0.156547,-1.901581,0.000000,-0.500000,6.116469
0.157031,-1.906108,0.000000,-0.500000,6.414662
0.157465,-1.910593,0.000000,-0.500000,5.893914
0.157858,-1.915053,0.000000,-0.500000,5.417857
0.158195,-1.919535,0.000000,-0.500000,4.935748
0.158457,-1.924001,0.000000,-0.500000,3.916227
0.158709,-1.928422,0.000000,-0.500000,3.243870
0.159244,-1.933055,0.000000,-0.500000,6.467814
0.159783,-1.937532,0.000000,-0.500000,6.304709
0.160294,-1.942003,0.000000,-0.500000,7.171645
0.160803,-1.946710,0.000000,-0.500000,5.512705
0.161375,-1.951365,0.000000,-0.500000,6.737493
0.161967,-1.956035,0.000000,-0.500000,7.166156
0.162551,-1.960714,0.000000,-0.500000,7.163689
0.163104,-1.965383,0.000000,-0.500000,6.925229
0.163610,-1.970041,0.000000,-0.500000,6.456650
0.164060,-1.974685,0.000000,-0.500000,5.826370
0.164453,-1.979322,0.000000,-0.500000,5.129895
0.164797,-1.983962,0.000000,-0.500000,4.460501
0.165110,-1.988589,0.000000,-0.500000,3.901576
0.165406,-1.993308,0.000000,-0.500000,3.713920
0.165716,-1.998010,0.000000,-0.500000,3.381015
0.166043,-2.002585,0.000000,-0.500000,3.969994
0.166197,-2.007272,0.000000,-0.500000,3.931218
0.166242,-2.012006,0.000000,-0.500000,0.612019
0.166293,-2.016701,0.000000,-0.500000,0.461252
0.166349,-2.021377,0.000000,-0.500000,0.768965
0.166387,-2.026031,0.000000,-0.500000,0.597020
0.166414,-2.030638,0.000000,-0.500000,0.335483
0.166459,-2.035209,0.000000,-0.500000,0.385039
0.166536,-2.039776,0.000000,-0.500000,0.740451
0.166653,-2.044357,0.000000,-0.500000,1.210916
0.166807,-2.048963,0.000000,-0.500000,1.693578
0.166999,-2.053596,0.000000,-0.500000,2.151018
0.167224,-2.058256,0.000000,-0.500000,2.574973
0.167481,-2.062941,0.000000,-0.500000,2.958299
0.167764,-2.067644,0.000000,-0.500000,3.301982
0.168070,-2.072358,0.000000,-0.500000,3.583640
0.168400,-2.077077,0.000000,-0.500000,3.862868
0.168751,-2.081794,0.000000,-0.500000,4.132309
0.169121,-2.086499,0.000000,-0.500000,4.381747
0.169508,-2.091178,0.000000,-0.500000,4.607470
0.169909,-2.095824,0.000000,-0.500000,4.841188
0.170323,-2.100431,0.000000,-0.500000,5.038279
0.170747,-2.105025,0.000000,-0.500000,5.252247
0.171182,-2.109582,0.000000,-0.500000,5.378895
0.171631,-2.114111,0.000000,-0.500000,5.648340
0.172093,-2.118668,0.000000,-0.500000,5.866636
0.172576,-2.123248,0.000000,-0.500000,5.977199
0.173021,-2.127808,0.000000,-0.500000,6.044011
0.173406,-2.132325,0.000000,-0.500000,5.261714
0.173738,-2.136829,0.000000,-0.500000,4.762759
0.174006,-2.141339,0.000000,-0.500000,3.942801
0.174228,-2.145792,0.000000,-0.500000,3.145891
0.174607,-2.150385,0.000000,-0.500000,2.918081
0.175066,-2.154996,0.000000,-0.500000,5.391247
0.175562,-2.159429,0.000000,-0.500000,5.912714
0.176026,-2.164025,0.000000,-0.500000,6.608685
0.176493,-2.168691,0.000000,-0.500000,4.815550
0.177061,-2.173331,0.000000,-0.500000,6.544965
0.177670,-2.177992,0.000000,-0.500000,7.295247
0.178274,-2.182673,0.000000,-0.500000,7.441834
0.178838,-2.187351,0.000000,-0.500000,7.136893
0.179344,-2.192016,0.000000,-0.500000,6.482970
0.179789,-2.196669,0.000000,-0.500000,5.787352
0.180176,-2.201320,0.000000,-0.500000,5.033041
0.180513,-2.205973,0.000000,-0.500000,4.371213
0.180820,-2.210616,0.000000,-0.500000,3.811285
0.181109,-2.215382,0.000000,-0.500000,3.638736
0.181423,-2.220082,0.000000,-0.500000,3.384344
0.181758,-2.224667,0.000000,-0.500000,4.063227
0.181973,-2.229288,0.000000,-0.500000,4.028713
0.181999,-2.234051,0.000000,-0.500000,0.440703
0.182018,-2.238761,0.000000,-0.500000,0.187494
0.182033,-2.243446,0.000000,-0.500000,0.267119
0.182031,-2.248102,0.000000,-0.500000,0.105915
0.182028,-2.252704,0.000000,-0.500000,0.136045
0.182052,-2.257261,0.000000,-0.500000,0.070970
0.182115,-2.261808,0.000000,-0.500000,0.528198
0.182222,-2.266367,0.000000,-0.500000,1.071738
0.182371,-2.270948,0.000000,-0.500000,1.605159
0.182563,-2.275553,0.000000,-0.500000,2.135537
0.182794,-2.280183,0.000000,-0.500000,2.631767
0.183061,-2.284837,0.000000,-0.500000,3.081461
0.183357,-2.289509,0.000000,-0.500000,3.464475
0.183679,-2.294194,0.000000,-0.500000,3.788817
0.184023,-2.298887,0.000000,-0.500000,4.068778
0.184390,-2.303582,0.000000,-0.500000,4.336156
0.184774,-2.308270,0.000000,-0.500000,4.582151
0.185175,-2.312941,0.000000,-0.500000,4.796129
0.185586,-2.317582,0.000000,-0.500000,4.993049
0.186007,-2.322191,0.000000,-0.500000,5.151171
0.186434,-2.326774,0.000000,-0.500000,5.313952
0.186880,-2.331310,0.000000,-0.500000,5.403457
0.187354,-2.335844,0.000000,-0.500000,5.986566
0.187852,-2.340415,0.000000,-0.500000,6.125004
0.188353,-2.345001,0.000000,-0.500000,6.485800
0.188794,-2.349561,0.000000,-0.500000,5.988788
0.189188,-2.354079,0.000000,-0.500000,5.316724
0.189526,-2.358589,0.000000,-0.500000,4.907166
0.189792,-2.363099,0.000000,-0.500000,3.926044
0.190007,-2.367536,0.000000,-0.500000,3.126167
0.190363,-2.372119,0.000000,-0.500000,2.601879
0.190806,-2.376721,0.000000,-0.500000,4.970499
0.191293,-2.381138,0.000000,-0.500000,6.041434
0.191714,-2.385739,0.000000,-0.500000,6.305552
0.192102,-2.390436,0.000000,-0.500000,3.993959
0.192575,-2.395103,0.000000,-0.500000,5.401713
0.193089,-2.399784,0.000000,-0.500000,6.078794
0.193612,-2.404473,0.000000,-0.500000,6.329887
0.194107,-2.409153,0.000000,-0.500000,6.279700
0.194547,-2.413818,0.000000,-0.500000,5.674703
0.194930,-2.418466,0.000000,-0.500000,4.987296
0.195264,-2.423100,0.000000,-0.500000,4.345455
0.195558,-2.427723,0.000000,-0.500000,3.798628
0.195837,-2.432329,0.000000,-0.500000,3.372822
0.196103,-2.437107,0.000000,-0.500000,3.428232
0.196391,-2.441828,0.000000,-0.500000,3.084275
0.196698,-2.446408,0.000000,-0.500000,3.699770
0.196882,-2.450990,0.000000,-0.500000,3.720014
0.196894,-2.455702,0.000000,-0.500000,0.043918
0.196941,-2.460349,0.000000,-0.500000,0.325885
0.197003,-2.464968,0.000000,-0.500000,0.842980
0.197041,-2.469588,0.000000,-0.500000,0.652884
0.197059,-2.474165,0.000000,-0.500000,0.303269
0.197087,-2.478699,0.000000,-0.500000,0.217342
0.197145,-2.483213,0.000000,-0.500000,0.499789
0.197242,-2.487739,0.000000,-0.500000,0.981666
0.197375,-2.492293,0.000000,-0.500000,1.464824
0.197544,-2.496881,0.000000,-0.500000,1.899648
0.197746,-2.501503,0.000000,-0.500000,2.307269
0.197978,-2.506155,0.000000,-0.500000,2.690394
0.198240,-2.510834,0.000000,-0.500000,3.042174
0.198529,-2.515531,0.000000,-0.500000,3.367086
0.198841,-2.520237,0.000000,-0.500000,3.665342
0.199176,-2.524946,0.000000,-0.500000,3.937327
0.199529,-2.529650,0.000000,-0.500000,4.187668
0.199901,-2.534344,0.000000,-0.500000,4.425840
0.200284,-2.539016,0.000000,-0.500000,4.632350
0.200673,-2.543647,0.000000,-0.500000,4.730572
0.201073,-2.548258,0.000000,-0.500000,4.891395
0.201476,-2.552836,0.000000,-0.500000,5.102728
0.201882,-2.557367,0.000000,-0.500000,5.067622
0.202295,-2.561904,0.000000,-0.500000,5.347688
0.202735,-2.566459,0.000000,-0.500000,5.273763
0.203165,-2.570996,0.000000,-0.500000,5.701958
0.203553,-2.575497,0.000000,-0.500000,5.225695
0.203903,-2.579983,0.000000,-0.500000,4.899867
0.204197,-2.584501,0.000000,-0.500000,4.285657
0.204436,-2.588999,0.000000,-0.500000,3.434941
0.204759,-2.593531,0.000000,-0.500000,3.096834
0.205262,-2.598163,0.000000,-0.500000,6.075998
0.205772,-2.602649,0.000000,-0.500000,5.934883
0.206261,-2.607208,0.000000,-0.500000,6.783843
0.206753,-2.611894,0.000000,-0.500000,5.159216
0.207331,-2.616529,0.000000,-0.500000,6.718725
0.207938,-2.621173,0.000000,-0.500000,7.353903
0.208531,-2.625831,0.000000,-0.500000,7.401007
0.209085,-2.630482,0.000000,-0.500000,6.988346
0.209593,-2.635118,0.000000,-0.500000,6.472122
0.210046,-2.639736,0.000000,-0.500000,5.899562
0.210441,-2.644347,0.000000,-0.500000,5.184325
0.210781,-2.648961,0.000000,-0.500000,4.483425
0.211082,-2.653571,0.000000,-0.500000,3.825306
0.211358,-2.658273,0.000000,-0.500000,3.518379
0.211649,-2.662960,0.000000,-0.500000,3.137388
0.211956,-2.667524,0.000000,-0.500000,3.740178
0.212146,-2.672110,0.000000,-0.500000,3.718591
0.212156,-2.676835,0.000000,-0.500000,0.117413
0.212174,-2.681510,0.000000,-0.500000,0.099443
0.212185,-2.686162,0.000000,-0.500000,0.325111
0.212165,-2.690791,0.000000,-0.500000,0.037579
0.212127,-2.695371,0.000000,-0.500000,0.469423
0.212108,-2.699913,0.000000,-0.500000,0.417829
0.212123,-2.704450,0.000000,-0.500000,0.062876
0.212176,-2.709004,0.000000,-0.500000,0.423387
0.212270,-2.713588,0.000000,-0.500000,0.924165
0.212405,-2.718203,0.000000,-0.500000,1.426537
0.212579,-2.722848,0.000000,-0.500000,1.911388
0.212788,-2.727522,0.000000,-0.500000,2.358649
0.213032,-2.732218,0.000000,-0.500000,2.773507
0.213305,-2.736931,0.000000,-0.500000,3.157562
0.213603,-2.741650,0.000000,-0.500000,3.476880
0.213923,-2.746367,0.000000,-0.500000,3.747934
0.214263,-2.751077,0.000000,-0.500000,4.007030
0.214621,-2.755769,0.000000,-0.500000,4.252502
0.214995,-2.760435,0.000000,-0.500000,4.477727
0.215380,-2.765063,0.000000,-0.500000,4.673768
0.215774,-2.769661,0.000000,-0.500000,4.847364
0.216170,-2.774217,0.000000,-0.500000,4.997493
0.216583,-2.778728,0.000000,-0.500000,5.035823
0.217021,-2.783256,0.000000,-0.500000,5.602042
0.217486,-2.787820,0.000000,-0.500000,5.661194
0.217935,-2.792388,0.000000,-0.500000,5.973248
0.218316,-2.796925,0.000000,-0.500000,5.325871
0.218642,-2.801431,0.000000,-0.500000,4.550134
0.218901,-2.805936,0.000000,-0.500000,4.001578
0.219071,-2.810416,0.000000,-0.500000,2.864342
0.219184,-2.814812,0.000000,-0.500000,1.852823
0.219530,-2.819444,0.000000,-0.500000,1.181450
0.219882,-2.823980,0.000000,-0.500000,3.555121
0.220319,-2.828363,0.000000,-0.500000,5.343306
0.220714,-2.833023,0.000000,-0.500000,5.784163
0.221096,-2.837679,0.000000,-0.500000,3.845133
0.221578,-2.842321,0.000000,-0.500000,5.482889
0.222108,-2.846986,0.000000,-0.500000,6.283030
0.222649,-2.851668,0.000000,-0.500000,6.577694
0.223161,-2.856346,0.000000,-0.500000,6.463720
0.223622,-2.861007,0.000000,-0.500000,5.916143
0.224027,-2.865658,0.000000,-0.500000,5.265638
0.224381,-2.870302,0.000000,-0.500000,4.579735
0.224693,-2.874939,0.000000,-0.500000,4.028352
0.224982,-2.879561,0.000000,-0.500000,3.569971
0.225254,-2.884329,0.000000,-0.500000,3.470689
0.225547,-2.889039,0.000000,-0.500000,3.166558
0.225865,-2.893627,0.000000,-0.500000,3.777622
0.226132,-2.898145,0.000000,-0.500000,3.895614
0.226149,-2.902891,0.000000,-0.500000,0.134980
0.226180,-2.907563,0.000000,-0.500000,0.248075
0.226210,-2.912205,0.000000,-0.500000,0.500041
0.226214,-2.916822,0.000000,-0.500000,0.226631
0.226206,-2.921393,0.000000,-0.500000,0.105861
0.226217,-2.925927,0.000000,-0.500000,0.032292
0.226262,-2.930451,0.000000,-0.500000,0.327620
0.226344,-2.934989,0.000000,-0.500000,0.805831
0.226464,-2.939557,0.000000,-0.500000,1.277073
0.226621,-2.944160,0.000000,-0.500000,1.732779
0.226813,-2.948797,0.000000,-0.500000,2.172500
0.227038,-2.953463,0.000000,-0.500000,2.577237
0.227292,-2.958154,0.000000,-0.500000,2.935395
0.227571,-2.962859,0.000000,-0.500000,3.254198
0.227871,-2.967570,0.000000,-0.500000,3.533314
0.228191,-2.972283,0.000000,-0.500000,3.772473
0.228529,-2.976989,0.000000,-0.500000,3.999748
0.228883,-2.981683,0.000000,-0.500000,4.219382
0.229245,-2.986353,0.000000,-0.500000,4.390772
0.229614,-2.990986,0.000000,-0.500000,4.493442
0.229992,-2.995603,0.000000,-0.500000,4.634128
0.230373,-3.000186,0.000000,-0.500000,4.803158
0.230757,-3.004729,0.000000,-0.500000,4.803178
0.231148,-3.009284,0.000000,-0.500000,5.035744
0.231566,-3.013860,0.000000,-0.500000,5.050740
0.231964,-3.018415,0.000000,-0.500000,5.365182
0.232315,-3.022921,0.000000,-0.500000,4.758580
0.232619,-3.027426,0.000000,-0.500000,4.404636
0.232855,-3.031954,0.000000,-0.500000,3.590128
0.233033,-3.036442,0.000000,-0.500000,2.645744
0.233300,-3.040956,0.000000,-0.500000,2.339312
0.233769,-3.045579,0.000000,-0.500000,5.524769
0.234263,-3.050044,0.000000,-0.500000,5.737272
0.234730,-3.054589,0.000000,-0.500000,6.645872
0.235188,-3.059275,0.000000,-0.500000,4.814044
0.235724,-3.063911,0.000000,-0.500000,6.250354
0.236289,-3.068555,0.000000,-0.500000,6.822723
0.236845,-3.073208,0.000000,-0.500000,6.911042
0.237367,-3.077854,0.000000,-0.500000,6.595495
0.237843,-3.082490,0.000000,-0.500000,6.100535
0.238266,-3.087113,0.000000,-0.500000,5.495847
0.238634,-3.091728,0.000000,-0.500000,4.831880
0.238954,-3.096346,0.000000,-0.500000,4.193021
0.239238,-3.100959,0.000000,-0.500000,3.601211
0.239500,-3.105672,0.000000,-0.500000,3.322775
0.239774,-3.110373,0.000000,-0.500000,2.965054
0.240065,-3.114949,0.000000,-0.500000,3.501048
0.240243,-3.119541,0.000000,-0.500000,3.536675
0.240245,-3.124267,0.000000,-0.500000,0.013812
0.240264,-3.128941,0.000000,-0.500000,0.066878
0.240284,-3.133591,0.000000,-0.500000,0.373947
0.240280,-3.138218,0.000000,-0.500000,0.119287
0.240264,-3.142797,0.000000,-0.500000,0.210096
0.240268,-3.147341,0.000000,-0.500000,0.129562
0.240304,-3.151881,0.000000,-0.500000,0.221767
0.240378,-3.156438,0.000000,-0.500000,0.698416
0.240489,-3.161026,0.000000,-0.500000,1.161977
0.240636,-3.165647,0.000000,-0.500000,1.602525
0.240817,-3.170301,0.000000,-0.500000,2.027050
0.241031,-3.174983,0.000000,-0.500000,2.432326
0.241273,-3.179688,0.000000,-0.500000,2.790432
0.241540,-3.184407,0.000000,-0.500000,3.104546
0.241828,-3.189132,0.000000,-0.500000,3.368757
0.242136,-3.193856,0.000000,-0.500000,3.615487
0.242463,-3.198570,0.000000,-0.500000,3.854105
0.242805,-3.203266,0.000000,-0.500000,4.069067
0.243158,-3.207935,0.000000,-0.500000,4.247110
0.243520,-3.212566,0.000000,-0.500000,4.406956
0.243889,-3.217177,0.000000,-0.500000,4.551196
0.244263,-3.221755,0.000000,-0.500000,4.681494
0.244648,-3.226300,0.000000,-0.500000,4.766748
0.245046,-3.230863,0.000000,-0.500000,5.093170
0.245471,-3.235441,0.000000,-0.500000,5.166110
0.245872,-3.240007,0.000000,-0.500000,5.428580
0.246216,-3.244532,0.000000,-0.500000,4.733641
0.246512,-3.249047,0.000000,-0.500000,4.237346
0.246738,-3.253580,0.000000,-0.500000,3.530729
0.246899,-3.258067,0.000000,-0.500000,2.448914
0.247150,-3.262583,0.000000,-0.500000,2.132889
0.247593,-3.267202,0.000000,-0.500000,5.295108
0.248060,-3.271667,0.000000,-0.500000,5.283440
0.248520,-3.276207,0.000000,-0.500000,6.410856
0.248993,-3.280892,0.000000,-0.500000,4.953850
0.249548,-3.285534,0.000000,-0.500000,6.469807
0.250131,-3.290199,0.000000,-0.500000,7.043195
0.250701,-3.294883,0.000000,-0.500000,7.075806
0.251232,-3.299564,0.000000,-0.500000,6.671727
0.251714,-3.304232,0.000000,-0.500000,6.140642
0.252138,-3.308886,0.000000,-0.500000,5.515507
0.252502,-3.313535,0.000000,-0.500000,4.782657
0.252810,-3.318192,0.000000,-0.500000,4.055964
0.253078,-3.322846,0.000000,-0.500000,3.406251
0.253333,-3.327538,0.000000,-0.500000,3.081780
0.253603,-3.332249,0.000000,-0.500000,2.902841
0.253888,-3.336839,0.000000,-0.500000,3.434055
0.254058,-3.341456,0.000000,-0.500000,3.423080
0.254045,-3.346215,0.000000,-0.500000,0.062618
0.254031,-3.350922,0.000000,-0.500000,0.251650
0.254011,-3.355600,0.000000,-0.500000,0.100320
0.253966,-3.360248,0.000000,-0.500000,0.389257
0.253914,-3.364846,0.000000,-0.500000,0.721208
0.253885,-3.369405,0.000000,-0.500000,0.555988
0.253891,-3.373960,0.000000,-0.500000,0.166030
0.253936,-3.378532,0.000000,-0.500000,0.311314
0.254021,-3.383133,0.000000,-0.500000,0.810524
0.254145,-3.387764,0.000000,-0.500000,1.310055
0.254306,-3.392423,0.000000,-0.500000,1.765659
0.254502,-3.397110,0.000000,-0.500000,2.187276
0.254731,-3.401818,0.000000,-0.500000,2.587986
0.254988,-3.406539,0.000000,-0.500000,2.969050
0.255268,-3.411264,0.000000,-0.500000,3.264335
0.255570,-3.415987,0.000000,-0.500000,3.533391
0.255890,-3.420700,0.000000,-0.500000,3.774991
0.256229,-3.425392,0.000000,-0.500000,4.001459
0.256582,-3.430057,0.000000,-0.500000,4.234266
0.256944,-3.434685,0.000000,-0.500000,4.412364
0.257314,-3.439292,0.000000,-0.500000,4.569978
0.257688,-3.443865,0.000000,-0.500000,4.667237
0.258079,-3.448406,0.000000,-0.500000,4.795471
0.258492,-3.452974,0.000000,-0.500000,5.223512
0.258934,-3.457578,0.000000,-0.500000,5.374327
0.259347,-3.462170,0.000000,-0.500000,5.582638
0.259697,-3.466724,0.000000,-0.500000,4.800694
0.260004,-3.471261,0.000000,-0.500000,4.259149
0.260248,-3.475803,0.000000,-0.500000,3.736505
0.260421,-3.480291,0.000000,-0.500000,2.685108
0.260590,-3.484712,0.000000,-0.500000,2.222920
0.261050,-3.489374,0.000000,-0.500000,5.549044
0.261522,-3.493854,0.000000,-0.500000,5.420787
0.261951,-3.498332,0.000000,-0.500000,6.361170
0.262349,-3.503077,0.000000,-0.500000,4.241573
0.262796,-3.507777,0.000000,-0.500000,5.238329
0.263259,-3.512501,0.000000,-0.500000,5.550116
0.263722,-3.517236,0.000000,-0.500000,5.556628
0.264157,-3.521959,0.000000,-0.500000,5.471338
0.264535,-3.526664,0.000000,-0.500000,4.920912
0.264850,-3.531346,0.000000,-0.500000,4.160110
0.265106,-3.536010,0.000000,-0.500000,3.411992
0.265315,-3.540666,0.000000,-0.500000,2.772291
0.265506,-3.545307,0.000000,-0.500000,2.256583
0.265701,-3.550010,0.000000,-0.500000,2.350023
0.265913,-3.554754,0.000000,-0.500000,2.145540
0.266140,-3.559338,0.000000,-0.500000,2.764946
0.266142,-3.564102,0.000000,-0.500000,2.657544
0.266120,-3.568812,0.000000,-0.500000,0.305522
0.266119,-3.573493,0.000000,-0.500000,0.250761
0.266133,-3.578161,0.000000,-0.500000,0.228739
0.266132,-3.582814,0.000000,-0.500000,0.108623
0.266118,-3.587424,0.000000,-0.500000,0.144474
0.266120,-3.591999,0.000000,-0.500000,0.133536
0.266152,-3.596569,0.000000,-0.500000,0.186123
0.266218,-3.601156,0.000000,-0.500000,0.622839
0.266317,-3.605769,0.000000,-0.500000,1.030406
0.266447,-3.610411,0.000000,-0.500000,1.420550
0.266608,-3.615081,0.000000,-0.500000,1.792335
0.266798,-3.619776,0.000000,-0.500000,2.147818
0.267014,-3.624491,0.000000,-0.500000,2.477173
0.267255,-3.629220,0.000000,-0.500000,2.779218
0.267518,-3.633954,0.000000,-0.500000,3.050702
0.267801,-3.638685,0.000000,-0.500000,3.308825
0.268104,-3.643405,0.000000,-0.500000,3.558335
0.268422,-3.648102,0.000000,-0.500000,3.772486
0.268754,-3.652763,0.000000,-0.500000,3.988740
0.269098,-3.657391,0.000000,-0.500000,4.167569
0.269455,-3.662009,0.000000,-0.500000,4.379013
0.269819,-3.666590,0.000000,-0.500000,4.513197
0.270191,-3.671151,0.000000,-0.500000,4.723931
0.270572,-3.675742,0.000000,-0.500000,4.784695
0.270971,-3.680351,0.000000,-0.500000,4.941933
0.271338,-3.684925,0.000000,-0.500000,4.948306
0.271666,-3.689463,0.000000,-0.500000,4.393476
0.271947,-3.694001,0.000000,-0.500000,4.150334
0.272163,-3.698554,0.000000,-0.500000,3.209722
0.272343,-3.703046,0.000000,-0.500000,2.515744
0.272682,-3.707680,0.000000,-0.500000,2.327017
0.273097,-3.712333,0.000000,-0.500000,4.868052
0.273546,-3.716793,0.000000,-0.500000,5.312786
0.273940,-3.721415,0.000000,-0.500000,5.933281
0.274310,-3.726114,0.000000,-0.500000,3.662212
0.274777,-3.730781,0.000000,-0.500000,5.274349
0.275282,-3.735458,0.000000,-0.500000,6.028437
0.275785,-3.740141,0.000000,-0.500000,6.168163
0.276250,-3.744807,0.000000,-0.500000,5.946714
0.276655,-3.749448,0.000000,-0.500000,5.305786
0.276998,-3.754067,0.000000,-0.500000,4.564996
0.277282,-3.758678,0.000000,-0.500000,3.804169
0.277521,-3.763286,0.000000,-0.500000,3.153191
0.277740,-3.767882,0.000000,-0.500000,2.669132
0.277947,-3.772638,0.000000,-0.500000,2.654112
0.278185,-3.777334,0.000000,-0.500000,2.435163
0.278442,-3.781895,0.000000,-0.500000,3.165206
0.278573,-3.786467,0.000000,-0.500000,3.040819
0.278523,-3.791172,0.000000,-0.500000,0.676242
0.278490,-3.795822,0.000000,-0.500000,0.547273
0.278451,-3.800450,0.000000,-0.500000,0.300543
0.278384,-3.805056,0.000000,-0.500000,0.641033
0.278302,-3.809615,0.000000,-0.500000,1.029450
0.278240,-3.814135,0.000000,-0.500000,0.964387
0.278213,-3.818646,0.000000,-0.500000,0.598219
0.278227,-3.823172,0.000000,-0.500000,0.091935
0.278284,-3.827727,0.000000,-0.500000,0.453282
0.278381,-3.832318,0.000000,-0.500000,0.972021
0.278516,-3.836946,0.000000,-0.500000,1.446355
0.278687,-3.841608,0.000000,-0.500000,1.895269
0.278891,-3.846296,0.000000,-0.500000,2.304207
0.279122,-3.851002,0.000000,-0.500000,2.657584
0.279378,-3.855716,0.000000,-0.500000,2.970947
0.279657,-3.860430,0.000000,-0.500000,3.249700
0.279956,-3.865138,0.000000,-0.500000,3.515290
0.280273,-3.869825,0.000000,-0.500000,3.761304
0.280606,-3.874494,0.000000,-0.500000,4.012737
0.280946,-3.879125,0.000000,-0.500000,4.142426
0.281296,-3.883735,0.000000,-0.500000,4.279906
0.281648,-3.888311,0.000000,-0.500000,4.446118
0.282014,-3.892845,0.000000,-0.500000,4.479841
0.282394,-3.897389,0.000000,-0.500000,4.902757
0.282803,-3.901957,0.000000,-0.500000,4.939491
0.283194,-3.906506,0.000000,-0.500000,5.268719
0.283531,-3.911009,0.000000,-0.500000,4.657758
0.283821,-3.915492,0.000000,-0.500000,4.182302
0.284042,-3.919994,0.000000,-0.500000,3.491200
0.284195,-3.924470,0.000000,-0.500000,2.408144
0.284346,-3.928892,0.000000,-0.500000,1.989107
0.284800,-3.933549,0.000000,-0.500000,5.286159
0.285277,-3.938035,0.000000,-0.500000,5.534103
0.285711,-3.942612,0.000000,-0.500000,6.307969
0.286132,-3.947349,0.000000,-0.500000,4.388606
0.286625,-3.952037,0.000000,-0.500000,5.688012
0.287144,-3.956736,0.000000,-0.500000,6.205881
0.287665,-3.961439,0.000000,-0.500000,6.277967
0.288162,-3.966133,0.000000,-0.500000,6.228219
0.288613,-3.970821,0.000000,-0.500000,5.742422
0.289013,-3.975498,0.000000,-0.500000,5.128907
0.289362,-3.980162,0.000000,-0.500000,4.528821
0.289665,-3.984818,0.000000,-0.500000,3.923931
0.289940,-3.989455,0.000000,-0.500000,3.404313
0.290197,-3.994183,0.000000,-0.500000,3.251756
0.290467,-3.998895,0.000000,-0.500000,2.902273
0.290752,-4.003476,0.000000,-0.500000,3.437357
0.290859,-4.008164,0.000000,-0.500000,3.430372
0.290855,-4.012901,0.000000,-0.500000,0.014914
0.290860,-4.017605,0.000000,-0.500000,0.097279
0.290874,-4.022287,0.000000,-0.500000,0.211997
0.290873,-4.026945,0.000000,-0.500000,0.109365
0.290865,-4.031559,0.000000,-0.500000,0.121374
0.290876,-4.036142,0.000000,-0.500000,0.031489
0.290918,-4.040727,0.000000,-0.500000,0.302119
0.290993,-4.045334,0.000000,-0.500000,0.738310
0.291101,-4.049970,0.000000,-0.500000,1.135587
0.291238,-4.054637,0.000000,-0.500000,1.511326
0.291405,-4.059332,0.000000,-0.500000,1.867651
0.291598,-4.064053,0.000000,-0.500000,2.192574
0.291816,-4.068793,0.000000,-0.500000,2.491111
0.292057,-4.073545,0.000000,-0.500000,2.770799
0.292319,-4.078301,0.000000,-0.500000,3.029174
0.292600,-4.083053,0.000000,-0.500000,3.275151
0.292898,-4.087791,0.000000,-0.500000,3.498100
0.293209,-4.092505,0.000000,-0.500000,3.696879
0.293531,-4.097183,0.000000,-0.500000,3.860277
0.293863,-4.101830,0.000000,-0.500000,4.009461
0.294194,-4.106437,0.000000,-0.500000,4.202264
0.294535,-4.111003,0.000000,-0.500000,4.125268
0.294893,-4.115592,0.000000,-0.500000,4.569807
0.295276,-4.120223,0.000000,-0.500000,4.546936
0.295652,-4.124849,0.000000,-0.500000,4.952949
0.295969,-4.129440,0.000000,-0.500000,4.379947
0.296238,-4.133995,0.000000,-0.500000,3.781940
0.296440,-4.138543,0.000000,-0.500000,3.251615
0.296566,-4.143072,0.000000,-0.500000,2.120251
0.296694,-4.147569,0.000000,-0.500000,1.465265
0.297116,-4.152270,0.000000,-0.500000,4.958982
0.297557,-4.156801,0.000000,-0.500000,4.902442
0.297980,-4.161273,0.000000,-0.500000,6.006281
0.298252,-4.165994,0.000000,-0.500000,4.611642
0.298506,-4.170692,0.000000,-0.500000,2.138545
0.298870,-4.175361,0.000000,-0.500000,3.991882
0.299270,-4.180010,0.000000,-0.500000,4.795089
0.299653,-4.184642,0.000000,-0.500000,4.898026
0.299984,-4.189256,0.000000,-0.500000,4.409536
0.300250,-4.193852,0.000000,-0.500000,3.635119
0.300455,-4.198442,0.000000,-0.500000,2.874267
0.300607,-4.203043,0.000000,-0.500000,2.111684
0.300741,-4.207651,0.000000,-0.500000,1.576302
0.300882,-4.212325,0.000000,-0.500000,1.653712
0.301055,-4.217036,0.000000,-0.500000,1.545422
0.301259,-4.221595,0.000000,-0.500000,2.451685
0.301253,-4.226331,0.000000,-0.500000,2.418564
0.301216,-4.231032,0.000000,-0.500000,0.293893
0.301168,-4.235718,0.000000,-0.500000,0.626653
0.301105,-4.240379,0.000000,-0.500000,0.564360
0.301008,-4.245019,0.000000,-0.500000,0.990324
0.300888,-4.249614,0.000000,-0.500000,1.417367
0.300782,-4.254176,0.000000,-0.500000,1.497357
0.300709,-4.258737,0.000000,-0.500000,1.164616
0.300675,-4.263317,0.000000,-0.500000,0.682342
0.300680,-4.267927,0.000000,-0.500000,0.177589
0.300721,-4.272573,0.000000,-0.500000,0.291922
0.300799,-4.277258,0.000000,-0.500000,0.734984
0.300911,-4.281976,0.000000,-0.500000,1.158929
0.301055,-4.286720,0.000000,-0.500000,1.553965
0.301228,-4.291480,0.000000,-0.500000,1.917103
0.301428,-4.296245,0.000000,-0.500000,2.253723
0.301652,-4.301006,0.000000,-0.500000,2.548526
0.301898,-4.305748,0.000000,-0.500000,2.836729
0.302167,-4.310463,0.000000,-0.500000,3.116529
0.302455,-4.315146,0.000000,-0.500000,3.394438
0.302760,-4.319787,0.000000,-0.500000,3.654019
0.303078,-4.324401,0.000000,-0.500000,3.871053
0.303400,-4.328975,0.000000,-0.500000,4.063314
0.303740,-4.333505,0.000000,-0.500000,4.118822
0.304096,-4.338053,0.000000,-0.500000,4.621648
0.304474,-4.342636,0.000000,-0.500000,4.549293
0.304848,-4.347221,0.000000,-0.500000,4.933381
0.305168,-4.351775,0.000000,-0.500000,4.451374
0.305445,-4.356302,0.000000,-0.500000,3.872455
0.305653,-4.360842,0.000000,-0.500000,3.380246
0.305783,-4.365375,0.000000,-0.500000,2.160722
0.305872,-4.369828,0.000000,-0.500000,1.441680
0.306191,-4.374510,0.000000,-0.500000,0.955512
0.306503,-4.379097,0.000000,-0.500000,3.259346
0.306885,-4.383518,0.000000,-0.500000,4.531600
0.307215,-4.388195,0.000000,-0.500000,5.069685
0.307536,-4.392856,0.000000,-0.500000,3.002113
0.307964,-4.397495,0.000000,-0.500000,4.788951
0.308441,-4.402149,0.000000,-0.500000,5.661994
0.308922,-4.406813,0.000000,-0.500000,5.899713
0.309371,-4.411466,0.000000,-0.500000,5.745965
0.309766,-4.416096,0.000000,-0.500000,5.151749
0.310103,-4.420711,0.000000,-0.500000,4.476449
0.310388,-4.425318,0.000000,-0.500000,3.776252
0.310633,-4.429918,0.000000,-0.500000,3.209860
0.310851,-4.434526,0.000000,-0.500000,2.772621
0.311064,-4.439209,0.000000,-0.500000,2.269143
0.311308,-4.443784,0.000000,-0.500000,2.753250
0.311556,-4.448291,0.000000,-0.500000,3.126556
0.311683,-4.452839,0.000000,-0.500000,2.933030
0.311633,-4.457527,0.000000,-0.500000,0.661846
0.311596,-4.462172,0.000000,-0.500000,0.559498
0.311557,-4.466794,0.000000,-0.500000,0.369499
0.311501,-4.471387,0.000000,-0.500000,0.575404
0.311445,-4.475935,0.000000,-0.500000,0.799898
0.311414,-4.480456,0.000000,-0.500000,0.581391
0.311418,-4.484978,0.000000,-0.500000,0.199369
0.311457,-4.489525,0.000000,-0.500000,0.279316
0.311531,-4.494109,0.000000,-0.500000,0.717536
0.311637,-4.498733,0.000000,-0.500000,1.124876
0.311774,-4.503392,0.000000,-0.500000,1.501506
0.311940,-4.508084,0.000000,-0.500000,1.859429
0.312133,-4.512801,0.000000,-0.500000,2.194311
0.312350,-4.517534,0.000000,-0.500000,2.491523
0.312588,-4.522274,0.000000,-0.500000,2.756792
0.312847,-4.527012,0.000000,-0.500000,3.015287
0.313124,-4.531742,0.000000,-0.500000,3.244016
0.313414,-4.536452,0.000000,-0.500000,3.441625
0.313712,-4.541134,0.000000,-0.500000,3.595741
0.314018,-4.545785,0.000000,-0.500000,3.704334
0.314330,-4.550413,0.000000,-0.500000,3.866240
0.314650,-4.554998,0.000000,-0.500000,3.915854
0.314979,-4.559570,0.000000,-0.500000,4.187440
0.315320,-4.564157,0.000000,-0.500000,4.234543
0.315675,-4.568743,0.000000,-0.500000,4.513278
0.315989,-4.573300,0.000000,-0.500000,4.362815
0.316252,-4.577820,0.000000,-0.500000,3.746176
0.316444,-4.582337,0.000000,-0.500000,3.195392
0.316548,-4.586872,0.000000,-0.500000,1.922660
0.316603,-4.591354,0.000000,-0.500000,1.015293
0.316822,-4.595984,0.000000,-0.500000,0.707036
0.317168,-4.600624,0.000000,-0.500000,3.535364
0.317599,-4.605071,0.000000,-0.500000,5.011419
0.317986,-4.609681,0.000000,-0.500000,5.837787
0.318347,-4.614362,0.000000,-0.500000,3.618712
0.318793,-4.619000,0.000000,-0.500000,5.122160
0.319266,-4.623640,0.000000,-0.500000,5.723522
0.319734,-4.628279,0.000000,-0.500000,5.806204
0.320166,-4.632912,0.000000,-0.500000,5.572138
0.320543,-4.637538,0.000000,-0.500000,4.954724
0.320866,-4.642155,0.000000,-0.500000,4.269252
0.321140,-4.646767,0.000000,-0.500000,3.616026
0.321373,-4.651378,0.000000,-0.500000,3.062124
0.321584,-4.655979,0.000000,-0.500000,2.610049
0.321784,-4.660688,0.000000,-0.500000,2.517305
0.322003,-4.665395,0.000000,-0.500000,2.271792
0.322241,-4.669978,0.000000,-0.500000,2.841372
0.322362,-4.674567,0.000000,-0.500000,2.854793
0.322300,-4.679281,0.000000,-0.500000,0.785689
0.322252,-4.683942,0.000000,-0.500000,0.719918
0.322201,-4.688578,0.000000,-0.500000,0.479603
0.322124,-4.693186,0.000000,-0.500000,0.779720
0.322036,-4.697746,0.000000,-0.500000,1.131899
0.321969,-4.702272,0.000000,-0.500000,1.029643
0.321936,-4.706794,0.000000,-0.500000,0.662601
0.321939,-4.711336,0.000000,-0.500000,0.185496
0.321978,-4.715913,0.000000,-0.500000,0.272415
0.322051,-4.720530,0.000000,-0.500000,0.696274
0.322157,-4.725186,0.000000,-0.500000,1.105319
0.322295,-4.729875,0.000000,-0.500000,1.505113
0.322463,-4.734590,0.000000,-0.500000,1.874758
0.322657,-4.739320,0.000000,-0.500000,2.205274
0.322875,-4.744056,0.000000,-0.500000,2.499195
0.323115,-4.748788,0.000000,-0.500000,2.773682
0.323374,-4.753508,0.000000,-0.500000,3.028553
0.323650,-4.758208,0.000000,-0.500000,3.255579
0.323937,-4.762881,0.000000,-0.500000,3.449413
0.324233,-4.767516,0.000000,-0.500000,3.594025
0.324538,-4.772135,0.000000,-0.500000,3.732454
0.324850,-4.776721,0.000000,-0.500000,3.897594
0.325169,-4.781276,0.000000,-0.500000,3.985489
0.325496,-4.785839,0.000000,-0.500000,4.223886
0.325849,-4.790412,0.000000,-0.500000,4.238076
0.326183,-4.794962,0.000000,-0.500000,4.562144
0.326470,-4.799473,0.000000,-0.500000,3.969281
0.326707,-4.803984,0.000000,-0.500000,3.590661
0.326861,-4.808521,0.000000,-0.500000,2.684287
0.326945,-4.813030,0.000000,-0.500000,1.469234
0.327033,-4.817481,0.000000,-0.500000,1.131793
0.327439,-4.822163,0.000000,-0.500000,4.568027
0.327881,-4.826669,0.000000,-0.500000,5.039923
0.328293,-4.831260,0.000000,-0.500000,5.912299
0.328691,-4.835999,0.000000,-0.500000,4.109952
0.329160,-4.840688,0.000000,-0.500000,5.400126
0.329653,-4.845384,0.000000,-0.500000,5.911844
0.330139,-4.850078,0.000000,-0.500000,5.954782
0.330594,-4.854759,0.000000,-0.500000,5.740926
0.331001,-4.859429,0.000000,-0.500000,5.218098
0.331356,-4.864084,0.000000,-0.500000,4.621948
0.331655,-4.868725,0.000000,-0.500000,3.966708
0.331904,-4.873363,0.000000,-0.500000,3.291249
0.332127,-4.877987,0.000000,-0.500000,2.743984
0.332343,-4.882662,0.000000,-0.500000,2.634964
0.332575,-4.887371,0.000000,-0.500000,2.410737
0.332823,-4.891945,0.000000,-0.500000,3.011905
0.332885,-4.896616,0.000000,-0.500000,2.921110
0.332837,-4.901332,0.000000,-0.500000,0.554910
0.332793,-4.906015,0.000000,-0.500000,0.638070
0.332742,-4.910669,0.000000,-0.500000,0.455786
