0.000000,0.000000,0.250000,-0.433013,0.000000
0.000135,-0.000025,0.250000,-0.433013,90.000000
0.001011,-0.000761,0.250000,-0.433013,51.062663
0.002553,-0.002720,0.250000,-0.433013,18.123918
0.004300,-0.005965,0.250000,-0.433013,1.978977
0.006379,-0.009943,0.250000,-0.433013,4.209108
0.008661,-0.014070,0.250000,-0.433013,1.285490
0.010985,-0.018255,0.250000,-0.433013,0.919468
0.013340,-0.022486,0.250000,-0.433013,1.017256
0.015663,-0.026693,0.250000,-0.433013,1.104922
0.017914,-0.030893,0.250000,-0.433013,1.509517
0.020104,-0.035074,0.250000,-0.433013,2.364157
0.022298,-0.039238,0.250000,-0.433013,2.487949
0.024621,-0.043287,0.250000,-0.433013,1.139119
0.026977,-0.047241,0.250000,-0.433013,0.796782
0.029357,-0.051137,0.250000,-0.433013,1.166713
0.031789,-0.055018,0.250000,-0.433013,1.836750
0.034232,-0.058978,0.250000,-0.433013,2.524534
0.036540,-0.062970,0.250000,-0.433013,0.805937
0.038813,-0.066957,0.250000,-0.433013,0.774013
0.041090,-0.070922,0.250000,-0.433013,0.253947
0.043386,-0.074963,0.250000,-0.433013,0.286703
0.045702,-0.079052,0.250000,-0.433013,0.402772
0.048013,-0.083142,0.250000,-0.433013,0.448180
0.050322,-0.087225,0.250000,-0.433013,0.535858
0.052624,-0.091291,0.250000,-0.433013,0.402553
0.054920,-0.095357,0.250000,-0.433013,0.469374
0.057207,-0.099434,0.250000,-0.433013,0.559657
0.059484,-0.103528,0.250000,-0.433013,0.820245
0.061751,-0.107642,0.250000,-0.433013,1.014515
0.064011,-0.111772,0.250000,-0.433013,1.269215
0.066264,-0.115891,0.250000,-0.433013,1.342442
0.068508,-0.119970,0.250000,-0.433013,1.307221
0.070738,-0.124004,0.250000,-0.433013,1.028147
0.072955,-0.128019,0.250000,-0.433013,1.032393
0.075169,-0.132040,0.250000,-0.433013,1.108977
0.077382,-0.136069,0.250000,-0.433013,1.182118
0.079589,-0.140086,0.250000,-0.433013,1.236258
0.081795,-0.144052,0.250000,-0.433013,1.158331
0.084015,-0.147952,0.250000,-0.433013,0.648407
0.086286,-0.151834,0.250000,-0.433013,0.007329
0.088604,-0.155728,0.250000,-0.433013,0.570681
0.090906,-0.159668,0.250000,-0.433013,1.044345
0.093135,-0.163742,0.250000,-0.433013,0.333715
0.095340,-0.167854,0.250000,-0.433013,2.257948
0.097597,-0.171869,0.250000,-0.433013,1.341034
0.099944,-0.175894,0.250000,-0.433013,0.328132
0.102370,-0.180016,0.250000,-0.433013,0.439170
0.104707,-0.184173,0.250000,-0.433013,0.294276
0.106970,-0.188243,0.250000,-0.433013,1.250288
0.109249,-0.192462,0.250000,-0.433013,0.247383
0.111364,-0.196840,0.250000,-0.433013,3.585613
0.113492,-0.201145,0.250000,-0.433013,4.949171
0.115864,-0.205280,0.250000,-0.433013,2.213477
0.118292,-0.209478,0.250000,-0.433013,0.857802
0.120675,-0.213797,0.250000,-0.433013,0.664518
0.123067,-0.218082,0.250000,-0.433013,0.874101
0.125514,-0.222316,0.250000,-0.433013,0.182960
0.127861,-0.226518,0.250000,-0.433013,0.345025
0.130141,-0.230623,0.250000,-0.433013,1.222684
0.132451,-0.234644,0.250000,-0.433013,0.808077
0.134887,-0.238684,0.250000,-0.433013,0.538885
0.137351,-0.242736,0.250000,-0.433013,1.531668
0.139757,-0.246832,0.250000,-0.433013,1.056111
0.142146,-0.250960,0.250000,-0.433013,0.178610
0.144517,-0.255101,0.250000,-0.433013,0.018702
0.146853,-0.259216,0.250000,-0.433013,0.387713
0.149169,-0.263305,0.250000,-0.433013,0.435215
0.151469,-0.267388,0.250000,-0.433013,0.494043
0.153752,-0.271483,0.250000,-0.433013,0.605648
0.156021,-0.275601,0.250000,-0.433013,1.071443
0.158273,-0.279679,0.250000,-0.433013,1.194335
0.160514,-0.283694,0.250000,-0.433013,0.944660
0.162777,-0.287677,0.250000,-0.433013,0.616048
0.165058,-0.291636,0.250000,-0.433013,0.216837
0.167354,-0.295650,0.250000,-0.433013,0.387089
0.169629,-0.299752,0.250000,-0.433013,0.830487
0.171916,-0.303806,0.250000,-0.433013,1.159788
0.174244,-0.307796,0.250000,-0.433013,0.105830
0.176597,-0.311804,0.250000,-0.433013,0.348475
0.178897,-0.315851,0.250000,-0.433013,0.362969
0.181223,-0.319894,0.250000,-0.433013,0.674506
0.183615,-0.324061,0.250000,-0.433013,0.695394
0.185925,-0.328303,0.250000,-0.433013,1.134261
0.188179,-0.332459,0.250000,-0.433013,1.886547
0.190481,-0.336534,0.250000,-0.433013,1.396806
0.192865,-0.340535,0.250000,-0.433013,0.704673
0.195270,-0.344661,0.250000,-0.433013,0.828889
0.197663,-0.348794,0.250000,-0.433013,0.059320
0.200114,-0.352937,0.250000,-0.433013,0.506470
0.202531,-0.357086,0.250000,-0.433013,0.321891
0.204883,-0.361162,0.250000,-0.433013,0.060428
0.207252,-0.365222,0.250000,-0.433013,0.112882
0.209721,-0.369257,0.250000,-0.433013,1.187902
0.212184,-0.373286,0.250000,-0.433013,1.556090
0.214614,-0.377348,0.250000,-0.433013,1.291571
0.216970,-0.381432,0.250000,-0.433013,0.469151
0.219320,-0.385517,0.250000,-0.433013,0.175704
0.221668,-0.389583,0.250000,-0.433013,0.042874
0.224005,-0.393642,0.250000,-0.433013,0.003022
0.226316,-0.397709,0.250000,-0.433013,0.071994
0.228598,-0.401791,0.250000,-0.433013,0.635967
0.230868,-0.405869,0.250000,-0.433013,0.875403
0.233128,-0.409923,0.250000,-0.433013,0.871352
0.235387,-0.413950,0.250000,-0.433013,0.771412
0.237653,-0.417961,0.250000,-0.433013,0.567238
0.239922,-0.421966,0.250000,-0.433013,0.453194
0.242185,-0.425946,0.250000,-0.433013,0.458994
0.244440,-0.429869,0.250000,-0.433013,0.268706
0.246695,-0.433739,0.250000,-0.433013,0.068886
0.248978,-0.437601,0.250000,-0.433013,0.407294
0.251288,-0.441474,0.250000,-0.433013,0.739327
0.253612,-0.445357,0.250000,-0.433013,0.979454
0.255896,-0.449305,0.250000,-0.433013,0.928389
0.258142,-0.453245,0.250000,-0.433013,0.795967
0.260444,-0.457102,0.250000,-0.433013,0.055800
0.262877,-0.461072,0.250000,-0.433013,1.411714
0.265370,-0.465145,0.250000,-0.433013,1.230978
0.267833,-0.469196,0.250000,-0.433013,1.864323
0.270292,-0.473199,0.250000,-0.433013,1.400292
0.272699,-0.477202,0.250000,-0.433013,0.744756
0.275073,-0.481136,0.250000,-0.433013,1.033635
0.277427,-0.485024,0.250000,-0.433013,0.979312
0.279956,-0.488932,0.250000,-0.433013,1.544419
0.282484,-0.492877,0.250000,-0.433013,3.081011
0.284931,-0.496900,0.250000,-0.433013,2.311816
0.287317,-0.500999,0.250000,-0.433013,0.455715
0.289654,-0.505128,0.250000,-0.433013,0.007842
0.291976,-0.509231,0.250000,-0.433013,1.033615
0.294400,-0.513305,0.250000,-0.433013,0.157958
0.296860,-0.517387,0.250000,-0.433013,1.045680
0.299305,-0.521443,0.250000,-0.433013,0.923836
0.301704,-0.525475,0.250000,-0.433013,1.108055
0.304055,-0.529490,0.250000,-0.433013,0.829463
0.306447,-0.533533,0.250000,-0.433013,0.530778
0.308777,-0.537607,0.250000,-0.433013,0.061424
0.311066,-0.541690,0.250000,-0.433013,0.390352
0.313335,-0.545784,0.250000,-0.433013,1.132710
0.315722,-0.549839,0.250000,-0.433013,0.756283
0.318108,-0.553872,0.250000,-0.433013,1.003033
0.320473,-0.557913,0.250000,-0.433013,0.611890
0.322825,-0.561964,0.250000,-0.433013,0.134389
0.325164,-0.566018,0.250000,-0.433013,0.204877
0.327472,-0.570073,0.250000,-0.433013,0.143702
0.329759,-0.574140,0.250000,-0.433013,0.460051
0.332030,-0.578218,0.250000,-0.433013,0.749437
0.334295,-0.582296,0.250000,-0.433013,0.940568
0.336568,-0.586358,0.250000,-0.433013,0.878795
0.338848,-0.590395,0.250000,-0.433013,0.626181
0.341133,-0.594405,0.250000,-0.433013,0.399703
0.343415,-0.598390,0.250000,-0.433013,0.207211
0.345681,-0.602345,0.250000,-0.433013,0.163677
0.347930,-0.606249,0.250000,-0.433013,0.167093
0.350170,-0.610096,0.250000,-0.433013,0.101054
0.352421,-0.613920,0.250000,-0.433013,0.352923
0.354683,-0.617730,0.250000,-0.433013,0.605760
0.356953,-0.621521,0.250000,-0.433013,0.866253
0.359205,-0.625336,0.250000,-0.433013,1.122462
0.361411,-0.629150,0.250000,-0.433013,0.061475
0.363614,-0.632873,0.250000,-0.433013,0.207898
0.365856,-0.636576,0.250000,-0.433013,0.713609
0.368192,-0.640391,0.250000,-0.433013,1.305307
0.370527,-0.644276,0.250000,-0.433013,1.711850
0.372953,-0.648188,0.250000,-0.433013,0.999122
0.375462,-0.652290,0.250000,-0.433013,1.797719
0.377926,-0.656440,0.250000,-0.433013,0.849495
0.380312,-0.660473,0.250000,-0.433013,0.193411
0.382752,-0.664409,0.250000,-0.433013,0.763984
0.385189,-0.668297,0.250000,-0.433013,3.045058
0.387587,-0.672255,0.250000,-0.433013,0.950268
0.389979,-0.676297,0.250000,-0.433013,1.645182
0.392395,-0.680453,0.250000,-0.433013,0.386076
0.394868,-0.684598,0.250000,-0.433013,0.390582
0.397286,-0.688625,0.250000,-0.433013,1.188258
0.399664,-0.692520,0.250000,-0.433013,0.709518
0.402083,-0.696440,0.250000,-0.433013,1.755535
0.404462,-0.700467,0.250000,-0.433013,1.057477
0.406836,-0.704495,0.250000,-0.433013,0.759961
0.409217,-0.708550,0.250000,-0.433013,0.598427
0.411587,-0.712607,0.250000,-0.433013,0.017671
0.413948,-0.716649,0.250000,-0.433013,0.369942
0.416293,-0.720714,0.250000,-0.433013,0.220477
0.418612,-0.724800,0.250000,-0.433013,0.208180
0.420910,-0.728901,0.250000,-0.433013,0.576898
0.423194,-0.733015,0.250000,-0.433013,0.855760
0.425467,-0.737137,0.250000,-0.433013,1.051750
0.427732,-0.741256,0.250000,-0.433013,1.169022
0.429987,-0.745359,0.250000,-0.433013,1.208809
0.432238,-0.749441,0.250000,-0.433013,1.175076
0.434493,-0.753503,0.250000,-0.433013,1.011537
0.436756,-0.757556,0.250000,-0.433013,0.859833
0.439020,-0.761605,0.250000,-0.433013,0.757231
0.441273,-0.765645,0.250000,-0.433013,0.810393
0.443506,-0.769652,0.250000,-0.433013,0.861346
0.445721,-0.773596,0.250000,-0.433013,0.827278
0.447934,-0.777495,0.250000,-0.433013,0.492293
0.450148,-0.781372,0.250000,-0.433013,0.286779
0.452350,-0.785221,0.250000,-0.433013,0.166603
0.454536,-0.789031,0.250000,-0.433013,0.205871
0.456749,-0.792830,0.250000,-0.433013,0.071523
0.459003,-0.796643,0.250000,-0.433013,0.359884
0.461288,-0.800468,0.250000,-0.433013,0.725854
0.463597,-0.804331,0.250000,-0.433013,1.096208
0.465853,-0.808324,0.250000,-0.433013,0.781022
0.468048,-0.812401,0.250000,-0.433013,1.846464
0.470272,-0.816392,0.250000,-0.433013,1.561296
0.472570,-0.820389,0.250000,-0.433013,0.553926
0.474938,-0.824499,0.250000,-0.433013,0.106142
0.477261,-0.828683,0.250000,-0.433013,0.311758
0.479479,-0.832761,0.250000,-0.433013,1.654481
0.481690,-0.836891,0.250000,-0.433013,1.002210
0.483778,-0.841194,0.250000,-0.433013,3.467933
0.485793,-0.845449,0.250000,-0.433013,4.949811
0.487929,-0.849546,0.250000,-0.433013,4.568940
0.490202,-0.853503,0.250000,-0.433013,0.505164
0.492488,-0.857605,0.250000,-0.433013,0.423851
0.494804,-0.861811,0.250000,-0.433013,1.027293
0.497161,-0.866041,0.250000,-0.433013,0.600202
0.499561,-0.870238,0.250000,-0.433013,0.888733
0.501907,-0.874279,0.250000,-0.433013,0.054621
0.504221,-0.878193,0.250000,-0.433013,0.068699
0.506533,-0.882162,0.250000,-0.433013,0.657582
0.508870,-0.886113,0.250000,-0.433013,0.739542
0.511169,-0.890076,0.250000,-0.433013,0.767092
0.513506,-0.894134,0.250000,-0.433013,0.085846
0.515846,-0.898261,0.250000,-0.433013,0.163143
0.518131,-0.902437,0.250000,-0.433013,1.085454
0.520396,-0.906573,0.250000,-0.433013,1.529352
0.522681,-0.910678,0.250000,-0.433013,1.084036
0.524959,-0.914787,0.250000,-0.433013,0.883069
0.527209,-0.918883,0.250000,-0.433013,1.145024
0.529469,-0.923008,0.250000,-0.433013,1.117811
0.531739,-0.927183,0.250000,-0.433013,1.129438
0.533970,-0.931387,0.250000,-0.433013,1.881795
0.536199,-0.935544,0.250000,-0.433013,2.256216
0.538457,-0.939630,0.250000,-0.433013,1.358337
0.540780,-0.943702,0.250000,-0.433013,0.937252
0.543147,-0.947812,0.250000,-0.433013,0.108246
0.545449,-0.951931,0.250000,-0.433013,0.149871
0.547804,-0.956065,0.250000,-0.433013,0.939995
0.550229,-0.960161,0.250000,-0.433013,0.307042
0.552584,-0.964225,0.250000,-0.433013,0.694307
0.554856,-0.968260,0.250000,-0.433013,0.619594
0.557300,-0.972281,0.250000,-0.433013,0.699651
0.559720,-0.976292,0.250000,-0.433013,1.532101
0.562078,-0.980370,0.250000,-0.433013,0.862944
0.564399,-0.984482,0.250000,-0.433013,0.840810
0.566708,-0.988550,0.250000,-0.433013,0.454739
0.569017,-0.992642,0.250000,-0.433013,0.353747
0.571294,-0.996751,0.250000,-0.433013,0.702890
0.573546,-1.000856,0.250000,-0.433013,1.274785
0.575780,-1.004946,0.250000,-0.433013,1.166098
0.577996,-1.009011,0.250000,-0.433013,1.474528
0.580206,-1.013036,0.250000,-0.433013,1.267837
0.582408,-1.017017,0.250000,-0.433013,1.137072
0.584606,-1.020953,0.250000,-0.433013,0.908254
0.586797,-1.024846,0.250000,-0.433013,0.686709
0.588983,-1.028699,0.250000,-0.433013,0.508236
0.591170,-1.032518,0.250000,-0.433013,0.291385
0.593360,-1.036310,0.250000,-0.433013,0.027501
0.595548,-1.040077,0.250000,-0.433013,0.125555
0.597720,-1.043803,0.250000,-0.433013,0.258293
0.599871,-1.047485,0.250000,-0.433013,0.284919
0.602010,-1.051137,0.250000,-0.433013,0.305887
0.604157,-1.054794,0.250000,-0.433013,0.376084
0.606358,-1.058538,0.250000,-0.433013,0.392417
0.608623,-1.062447,0.250000,-0.433013,0.580512
0.610913,-1.066604,0.250000,-0.433013,0.298186
0.613219,-1.070950,0.250000,-0.433013,2.231518
0.615521,-1.075241,0.250000,-0.433013,2.040770
0.617909,-1.079405,0.250000,-0.433013,1.639378
0.620389,-1.083634,0.250000,-0.433013,0.267438
0.622893,-1.088200,0.250000,-0.433013,0.054236
0.625320,-1.092806,0.250000,-0.433013,1.932900
0.627700,-1.097307,0.250000,-0.433013,2.191739
0.630075,-1.101800,0.250000,-0.433013,1.800276
0.632402,-1.106198,0.250000,-0.433013,2.226862
0.634779,-1.110433,0.250000,-0.433013,1.805629
0.637321,-1.114560,0.250000,-0.433013,0.386115
0.639989,-1.118545,0.250000,-0.433013,3.992074
0.642703,-1.122564,0.250000,-0.433013,4.440986
0.645469,-1.126599,0.250000,-0.433013,4.202050
0.648170,-1.130642,0.250000,-0.433013,3.994561
0.650743,-1.134648,0.250000,-0.433013,3.817608
0.653137,-1.138638,0.250000,-0.433013,1.617278
0.655447,-1.142626,0.250000,-0.433013,0.259735
0.657711,-1.146594,0.250000,-0.433013,0.063223
0.659928,-1.150554,0.250000,-0.433013,0.495149
0.662114,-1.154514,0.250000,-0.433013,0.981763
0.664298,-1.158475,0.250000,-0.433013,1.188283
0.666487,-1.162423,0.250000,-0.433013,1.009572
0.668666,-1.166353,0.250000,-0.433013,0.932862
0.670829,-1.170272,0.250000,-0.433013,0.995628
0.672992,-1.174235,0.250000,-0.433013,1.240997
0.675158,-1.178241,0.250000,-0.433013,1.459007
0.677314,-1.182267,0.250000,-0.433013,1.730781
0.679461,-1.186301,0.250000,-0.433013,1.918854
0.681598,-1.190335,0.250000,-0.433013,2.064735
0.683729,-1.194365,0.250000,-0.433013,2.104704
0.685859,-1.198396,0.250000,-0.433013,2.143838
0.687997,-1.202425,0.250000,-0.433013,2.128389
0.690148,-1.206451,0.250000,-0.433013,1.948243
0.692314,-1.210468,0.250000,-0.433013,1.775809
0.694496,-1.214475,0.250000,-0.433013,1.515302
0.696687,-1.218472,0.250000,-0.433013,1.304875
0.698879,-1.222461,0.250000,-0.433013,1.195573
0.701068,-1.226438,0.250000,-0.433013,1.165347
0.703244,-1.230401,0.250000,-0.433013,1.146695
0.705407,-1.234351,0.250000,-0.433013,1.257851
0.707552,-1.238285,0.250000,-0.433013,1.275091
0.709680,-1.242218,0.250000,-0.433013,1.503345
0.711797,-1.246154,0.250000,-0.433013,1.635360
0.713903,-1.250089,0.250000,-0.433013,1.826303
0.716004,-1.254007,0.250000,-0.433013,1.875957
0.718103,-1.257901,0.250000,-0.433013,1.735764
0.720204,-1.261778,0.250000,-0.433013,1.645791
0.722323,-1.265660,0.250000,-0.433013,1.581355
0.724477,-1.269597,0.250000,-0.433013,1.471983
0.726660,-1.273638,0.250000,-0.433013,1.567583
0.728776,-1.277799,0.250000,-0.433013,1.985668
0.730729,-1.282164,0.250000,-0.433013,4.172149
0.732610,-1.286807,0.250000,-0.433013,7.869678
0.734493,-1.291528,0.250000,-0.433013,8.291358
0.736550,-1.296065,0.250000,-0.433013,8.315256
0.738880,-1.300651,0.250000,-0.433013,4.286704
0.741186,-1.305673,0.250000,-0.433013,3.095693
0.743227,-1.310837,0.250000,-0.433013,7.209808
0.745249,-1.315974,0.250000,-0.433013,9.181875
0.747333,-1.321096,0.250000,-0.433013,7.938881
0.749392,-1.326075,0.250000,-0.433013,7.670420
0.751482,-1.330906,0.250000,-0.433013,7.097836
0.753748,-1.335662,0.250000,-0.433013,5.950040
0.756242,-1.340433,0.250000,-0.433013,3.197097
0.758740,-1.345176,0.250000,-0.433013,1.775262
0.761072,-1.349867,0.250000,-0.433013,2.965298
0.763315,-1.354579,0.250000,-0.433013,3.540615
0.765532,-1.359242,0.250000,-0.433013,4.848312
0.767859,-1.363808,0.250000,-0.433013,3.699397
0.770305,-1.368256,0.250000,-0.433013,1.908161
0.772845,-1.372605,0.250000,-0.433013,0.624825
0.775459,-1.376840,0.250000,-0.433013,0.998915
0.778065,-1.381151,0.250000,-0.433013,1.330373
0.780384,-1.385648,0.250000,-0.433013,0.239606
0.782424,-1.390324,0.250000,-0.433013,4.868432
0.784484,-1.394972,0.250000,-0.433013,7.192302
0.786707,-1.399619,0.250000,-0.433013,5.322233
0.788916,-1.404385,0.250000,-0.433013,4.442979
0.791029,-1.409312,0.250000,-0.433013,5.278066
0.792911,-1.414242,0.250000,-0.433013,8.065975
0.794906,-1.419138,0.250000,-0.433013,9.669986
0.797138,-1.423912,0.250000,-0.433013,5.512398
0.799502,-1.428709,0.250000,-0.433013,4.592290
0.801946,-1.433506,0.250000,-0.433013,3.335671
0.804263,-1.438262,0.250000,-0.433013,4.198015
0.806510,-1.443175,0.250000,-0.433013,3.692269
0.808465,-1.447891,0.250000,-0.433013,6.946450
0.810559,-1.452350,0.250000,-0.433013,6.532353
0.812819,-1.456478,0.250000,-0.433013,1.722268
0.814975,-1.460620,0.250000,-0.433013,2.521552
0.817224,-1.464993,0.250000,-0.433013,2.684273
0.819635,-1.469488,0.250000,-0.433013,2.940661
0.822248,-1.473922,0.250000,-0.433013,0.933414
0.824910,-1.478173,0.250000,-0.433013,1.528080
0.827394,-1.482302,0.250000,-0.433013,2.004190
0.829665,-1.486476,0.250000,-0.433013,0.845106
0.831888,-1.490636,0.250000,-0.433013,1.451921
0.834004,-1.494794,0.250000,-0.433013,2.395151
0.836088,-1.498884,0.250000,-0.433013,3.734264
0.838140,-1.502948,0.250000,-0.433013,2.251854
0.840122,-1.507114,0.250000,-0.433013,4.112327
0.842186,-1.511243,0.250000,-0.433013,4.381888
0.844296,-1.515305,0.250000,-0.433013,2.510224
0.846388,-1.519387,0.250000,-0.433013,2.512595
0.848458,-1.523504,0.250000,-0.433013,3.117613
0.850529,-1.527646,0.250000,-0.433013,3.380157
0.852600,-1.531796,0.250000,-0.433013,3.390933
0.854661,-1.535935,0.250000,-0.433013,3.488255
0.856711,-1.540056,0.250000,-0.433013,3.536206
0.858755,-1.544172,0.250000,-0.433013,3.532207
0.860792,-1.548303,0.250000,-0.433013,3.622002
0.862819,-1.552451,0.250000,-0.433013,3.827159
0.864836,-1.556615,0.250000,-0.433013,4.056080
0.866846,-1.560788,0.250000,-0.433013,4.216464
0.868850,-1.564969,0.250000,-0.433013,4.328293
0.870851,-1.569151,0.250000,-0.433013,4.389892
0.872849,-1.573332,0.250000,-0.433013,4.434234
0.874843,-1.577509,0.250000,-0.433013,4.435616
0.876832,-1.581677,0.250000,-0.433013,4.459506
0.878816,-1.585830,0.250000,-0.433013,4.477639
0.880786,-1.589954,0.250000,-0.433013,4.375117
0.882740,-1.594059,0.250000,-0.433013,4.465437
0.884673,-1.598144,0.250000,-0.433013,4.552745
0.886580,-1.602195,0.250000,-0.433013,4.720771
0.888463,-1.606207,0.250000,-0.433013,4.779883
0.890333,-1.610195,0.250000,-0.433013,4.847714
0.892176,-1.614150,0.250000,-0.433013,4.877164
0.893990,-1.618071,0.250000,-0.433013,5.077162
0.895778,-1.621951,0.250000,-0.433013,5.176112
0.897542,-1.625791,0.250000,-0.433013,5.226570
0.899284,-1.629596,0.250000,-0.433013,5.301071
0.901005,-1.633359,0.250000,-0.433013,5.367403
0.902710,-1.637070,0.250000,-0.433013,5.345988
0.904410,-1.640721,0.250000,-0.433013,5.155634
0.906121,-1.644322,0.250000,-0.433013,4.757338
0.907854,-1.647891,0.250000,-0.433013,4.273976
0.909611,-1.651447,0.250000,-0.433013,3.790058
0.911381,-1.655018,0.250000,-0.433013,3.456916
0.913140,-1.658591,0.250000,-0.433013,3.654219
0.914892,-1.662184,0.250000,-0.433013,3.987881
0.916664,-1.665844,0.250000,-0.433013,3.997194
0.918444,-1.669568,0.250000,-0.433013,4.190600
0.920219,-1.673349,0.250000,-0.433013,4.718678
0.922013,-1.677281,0.250000,-0.433013,5.171249
0.923764,-1.681469,0.250000,-0.433013,6.202784
0.925565,-1.685597,0.250000,-0.433013,8.519254
0.927761,-1.689541,0.250000,-0.433013,4.689944
0.930258,-1.693781,0.250000,-0.433013,0.390622
0.933014,-1.698905,0.250000,-0.433013,0.320833
0.935613,-1.704279,0.250000,-0.433013,2.211735
0.937945,-1.709308,0.250000,-0.433013,5.770052
0.940379,-1.714102,0.250000,-0.433013,4.103500
0.942896,-1.718746,0.250000,-0.433013,2.336241
0.945825,-1.723309,0.250000,-0.433013,0.596002
0.949029,-1.727803,0.250000,-0.433013,4.710575
0.952235,-1.732370,0.250000,-0.433013,5.861433
0.955391,-1.736910,0.250000,-0.433013,4.723245
0.958459,-1.741306,0.250000,-0.433013,5.067189
0.961490,-1.745673,0.250000,-0.433013,4.892400
0.964472,-1.750132,0.250000,-0.433013,4.567571
0.967482,-1.754613,0.250000,-0.433013,3.822891
0.970420,-1.759087,0.250000,-0.433013,3.940672
0.973298,-1.763582,0.250000,-0.433013,2.776013
0.976195,-1.768057,0.250000,-0.433013,2.597633
0.979176,-1.772560,0.250000,-0.433013,3.325337
0.982257,-1.777130,0.250000,-0.433013,3.845796
0.985439,-1.781797,0.250000,-0.433013,4.366546
0.988686,-1.786574,0.250000,-0.433013,4.504997
0.991967,-1.791437,0.250000,-0.433013,4.358292
0.995215,-1.796408,0.250000,-0.433013,4.141140
0.998230,-1.801609,0.250000,-0.433013,2.741292
1.001080,-1.806814,0.250000,-0.433013,1.991958
1.003486,-1.811703,0.250000,-0.433013,0.140070
1.003973,-1.816059,0.250000,-0.433013,13.327467
1.004193,-1.820442,0.250000,-0.433013,34.678388
0.000000,0.000000,0.250000,-0.433013,20.617522
0.000528,-0.000644,0.250000,-0.433013,90.000000
0.002013,-0.002129,0.250000,-0.433013,16.531883
0.003894,-0.004914,0.250000,-0.433013,11.678810
0.006002,-0.008600,0.250000,-0.433013,0.378639
0.008299,-0.012559,0.250000,-0.433013,0.133211
0.010656,-0.016557,0.250000,-0.433013,0.109434
0.013022,-0.020568,0.250000,-0.433013,0.521260
0.015317,-0.024590,0.250000,-0.433013,0.025097
0.017511,-0.028669,0.250000,-0.433013,1.104695
0.019655,-0.032832,0.250000,-0.433013,2.624388
0.021795,-0.037024,0.250000,-0.433013,3.038907
0.023895,-0.041228,0.250000,-0.433013,3.173979
0.026059,-0.045372,0.250000,-0.433013,4.003431
0.028279,-0.049410,0.250000,-0.433013,1.456100
0.030533,-0.053424,0.250000,-0.433013,0.639840
0.032852,-0.057530,0.250000,-0.433013,0.523096
0.035095,-0.061615,0.250000,-0.433013,0.943313
0.037277,-0.065681,0.250000,-0.433013,1.498931
0.039645,-0.069621,0.250000,-0.433013,1.983018
0.042085,-0.073470,0.250000,-0.433013,3.018982
0.044453,-0.077395,0.250000,-0.433013,1.865619
0.046763,-0.081434,0.250000,-0.433013,0.604993
0.049037,-0.085564,0.250000,-0.433013,0.936967
0.051293,-0.089715,0.250000,-0.433013,1.345678
0.053548,-0.093861,0.250000,-0.433013,1.558385
0.055810,-0.097983,0.250000,-0.433013,1.379609
0.058075,-0.102092,0.250000,-0.433013,1.125207
0.060333,-0.106203,0.250000,-0.433013,1.100379
0.062576,-0.110318,0.250000,-0.433013,1.321983
0.064807,-0.114427,0.250000,-0.433013,1.465137
0.067024,-0.118523,0.250000,-0.433013,1.505799
0.069221,-0.122609,0.250000,-0.433013,1.608422
0.071401,-0.126693,0.250000,-0.433013,1.808078
0.073564,-0.130778,0.250000,-0.433013,1.964167
0.075710,-0.134859,0.250000,-0.433013,2.168020
0.077841,-0.138907,0.250000,-0.433013,2.279257
0.079966,-0.142892,0.250000,-0.433013,2.122012
0.082099,-0.146838,0.250000,-0.433013,1.621976
0.084222,-0.150775,0.250000,-0.433013,1.477837
0.086324,-0.154711,0.250000,-0.433013,1.760941
0.088420,-0.158621,0.250000,-0.433013,1.953614
0.090533,-0.162479,0.250000,-0.433013,1.546384
0.092665,-0.166288,0.250000,-0.433013,0.994191
0.094793,-0.170081,0.250000,-0.433013,0.510946
0.096863,-0.173931,0.250000,-0.433013,0.662962
0.098876,-0.177759,0.250000,-0.433013,2.693955
0.100938,-0.181465,0.250000,-0.433013,1.849011
0.103127,-0.185192,0.250000,-0.433013,0.410617
0.105474,-0.189090,0.250000,-0.433013,0.835946
0.107882,-0.193046,0.250000,-0.433013,1.500587
0.110435,-0.197168,0.250000,-0.433013,2.732341
0.112890,-0.201342,0.250000,-0.433013,0.515683
0.115236,-0.205357,0.250000,-0.433013,0.025830
0.117668,-0.209271,0.250000,-0.433013,0.289220
0.120130,-0.213155,0.250000,-0.433013,3.053209
0.122588,-0.217165,0.250000,-0.433013,1.333997
0.125050,-0.221156,0.250000,-0.433013,1.935124
0.127499,-0.225241,0.250000,-0.433013,1.810816
0.129904,-0.229374,0.250000,-0.433013,0.152350
0.132244,-0.233379,0.250000,-0.433013,0.219552
0.134578,-0.237243,0.250000,-0.433013,0.286875
0.136948,-0.241127,0.250000,-0.433013,1.582915
0.139270,-0.245070,0.250000,-0.433013,0.636490
0.141577,-0.249046,0.250000,-0.433013,0.628377
0.143895,-0.253082,0.250000,-0.433013,0.053033
0.146249,-0.257172,0.250000,-0.433013,0.438494
0.148560,-0.261305,0.250000,-0.433013,0.584803
0.150848,-0.265445,0.250000,-0.433013,1.080904
0.153116,-0.269561,0.250000,-0.433013,1.195761
0.155372,-0.273644,0.250000,-0.433013,1.117908
0.157621,-0.277726,0.250000,-0.433013,1.048545
0.159874,-0.281826,0.250000,-0.433013,1.121782
0.162129,-0.285962,0.250000,-0.433013,1.271314
0.164380,-0.290122,0.250000,-0.433013,1.528343
0.166614,-0.294263,0.250000,-0.433013,1.648434
0.168828,-0.298348,0.250000,-0.433013,1.654542
0.171026,-0.302382,0.250000,-0.433013,1.391243
0.173231,-0.306380,0.250000,-0.433013,1.325170
0.175426,-0.310355,0.250000,-0.433013,0.958985
0.177617,-0.314323,0.250000,-0.433013,1.152048
0.179804,-0.318263,0.250000,-0.433013,0.987060
0.181984,-0.322164,0.250000,-0.433013,0.882233
0.184154,-0.326022,0.250000,-0.433013,0.636801
0.186316,-0.329853,0.250000,-0.433013,0.579293
0.188473,-0.333657,0.250000,-0.433013,0.456910
0.190604,-0.337413,0.250000,-0.433013,0.319188
0.192703,-0.341138,0.250000,-0.433013,0.431488
0.194764,-0.344851,0.250000,-0.433013,0.643226
0.196787,-0.348532,0.250000,-0.433013,1.143720
0.198787,-0.352167,0.250000,-0.433013,1.201425
0.200803,-0.355795,0.250000,-0.433013,1.111077
0.202873,-0.359470,0.250000,-0.433013,0.737465
0.204994,-0.363269,0.250000,-0.433013,0.367973
0.207106,-0.367180,0.250000,-0.433013,1.219980
0.209173,-0.371065,0.250000,-0.433013,2.118706
0.211296,-0.374915,0.250000,-0.433013,2.056132
0.213605,-0.378894,0.250000,-0.433013,0.833787
0.216029,-0.383088,0.250000,-0.433013,0.339172
0.218285,-0.387292,0.250000,-0.433013,1.478799
0.220489,-0.391465,0.250000,-0.433013,1.757267
0.222580,-0.395797,0.250000,-0.433013,2.889264
0.224550,-0.400180,0.250000,-0.433013,5.783905
0.226705,-0.404377,0.250000,-0.433013,5.684222
0.229049,-0.408463,0.250000,-0.433013,0.725742
0.231328,-0.412718,0.250000,-0.433013,0.208696
0.233557,-0.417093,0.250000,-0.433013,3.030360
0.235814,-0.421433,0.250000,-0.433013,2.124550
0.238091,-0.425677,0.250000,-0.433013,2.469632
0.240362,-0.429771,0.250000,-0.433013,1.127641
0.242644,-0.433737,0.250000,-0.433013,0.442359
0.244887,-0.437715,0.250000,-0.433013,0.178056
0.247076,-0.441786,0.250000,-0.433013,1.319194
0.249284,-0.445857,0.250000,-0.433013,2.395535
0.251508,-0.449903,0.250000,-0.433013,1.011727
0.253731,-0.453970,0.250000,-0.433013,1.210302
0.255940,-0.458077,0.250000,-0.433013,1.416868
0.258137,-0.462233,0.250000,-0.433013,1.929392
0.260331,-0.466429,0.250000,-0.433013,2.272358
0.262518,-0.470642,0.250000,-0.433013,2.456581
0.264689,-0.474828,0.250000,-0.433013,2.659182
0.266842,-0.478959,0.250000,-0.433013,2.487977
0.268979,-0.483072,0.250000,-0.433013,2.430054
0.271112,-0.487217,0.250000,-0.433013,2.523464
0.273255,-0.491401,0.250000,-0.433013,2.941998
0.275406,-0.495559,0.250000,-0.433013,2.789900
0.277551,-0.499650,0.250000,-0.433013,2.454737
0.279677,-0.503684,0.250000,-0.433013,2.131440
0.281781,-0.507684,0.250000,-0.433013,2.212542
0.283871,-0.511657,0.250000,-0.433013,2.234789
0.285948,-0.515600,0.250000,-0.433013,2.192622
0.288006,-0.519492,0.250000,-0.433013,2.173846
0.290039,-0.523320,0.250000,-0.433013,2.051728
0.292053,-0.527091,0.250000,-0.433013,1.916204
0.294055,-0.530814,0.250000,-0.433013,1.780693
0.296049,-0.534503,0.250000,-0.433013,1.609435
0.298033,-0.538166,0.250000,-0.433013,1.504432
0.299994,-0.541804,0.250000,-0.433013,1.484721
0.301913,-0.545419,0.250000,-0.433013,1.678613
0.303790,-0.548989,0.250000,-0.433013,2.278516
0.305676,-0.552526,0.250000,-0.433013,2.256699
0.307607,-0.556104,0.250000,-0.433013,1.850084
0.309637,-0.559816,0.250000,-0.433013,1.557448
0.311849,-0.563816,0.250000,-0.433013,0.846501
0.314162,-0.568150,0.250000,-0.433013,1.428979
0.316378,-0.572440,0.250000,-0.433013,2.670851
0.318623,-0.576544,0.250000,-0.433013,3.051200
0.320947,-0.580706,0.250000,-0.433013,0.972580
0.323329,-0.585289,0.250000,-0.433013,1.480780
0.325604,-0.589916,0.250000,-0.433013,2.936269
0.327751,-0.594402,0.250000,-0.433013,4.505513
0.329954,-0.598937,0.250000,-0.433013,4.219441
0.332134,-0.603383,0.250000,-0.433013,4.054083
0.334299,-0.607639,0.250000,-0.433013,3.670212
0.336601,-0.611838,0.250000,-0.433013,2.306316
0.338999,-0.616201,0.250000,-0.433013,0.257257
0.341450,-0.620550,0.250000,-0.433013,1.751667
0.344109,-0.624887,0.250000,-0.433013,0.593221
0.346617,-0.629133,0.250000,-0.433013,1.318900
0.348990,-0.633337,0.250000,-0.433013,0.470093
0.351292,-0.637475,0.250000,-0.433013,0.008678
0.353462,-0.641578,0.250000,-0.433013,1.671905
0.355600,-0.645688,0.250000,-0.433013,2.581660
0.357743,-0.649802,0.250000,-0.433013,2.396234
0.359873,-0.653913,0.250000,-0.433013,2.557943
0.361984,-0.658016,0.250000,-0.433013,2.620361
0.364077,-0.662121,0.250000,-0.433013,2.885994
0.366155,-0.666230,0.250000,-0.433013,3.047216
0.368221,-0.670341,0.250000,-0.433013,3.259397
0.370279,-0.674447,0.250000,-0.433013,3.349919
0.372336,-0.678550,0.250000,-0.433013,3.381886
0.374394,-0.682665,0.250000,-0.433013,3.357156
0.376457,-0.686808,0.250000,-0.433013,3.439181
0.378523,-0.690986,0.250000,-0.433013,3.569613
0.380591,-0.695184,0.250000,-0.433013,3.829488
0.382665,-0.699386,0.250000,-0.433013,3.752356
0.384725,-0.703587,0.250000,-0.433013,3.765347
0.386767,-0.707768,0.250000,-0.433013,3.990799
0.388831,-0.711933,0.250000,-0.433013,3.918315
0.390913,-0.716088,0.250000,-0.433013,3.324674
0.392968,-0.720224,0.250000,-0.433013,3.388826
0.395008,-0.724372,0.250000,-0.433013,3.724625
0.397045,-0.728523,0.250000,-0.433013,3.841601
0.399085,-0.732652,0.250000,-0.433013,3.842575
0.401140,-0.736745,0.250000,-0.433013,3.566599
0.403202,-0.740801,0.250000,-0.433013,3.080941
0.405258,-0.744833,0.250000,-0.433013,2.967518
0.407305,-0.748844,0.250000,-0.433013,2.945604
0.409339,-0.752845,0.250000,-0.433013,2.946435
0.411354,-0.756853,0.250000,-0.433013,3.132847
0.413351,-0.760871,0.250000,-0.433013,3.472455
0.415337,-0.764886,0.250000,-0.433013,3.673307
0.417334,-0.768879,0.250000,-0.433013,3.701434
0.419325,-0.772844,0.250000,-0.433013,3.232935
0.421341,-0.776812,0.250000,-0.433013,3.218293
0.423358,-0.780813,0.250000,-0.433013,3.081926
0.425315,-0.784873,0.250000,-0.433013,3.525103
0.427158,-0.789050,0.250000,-0.433013,4.963674
0.428938,-0.793272,0.250000,-0.433013,7.496142
0.430787,-0.797443,0.250000,-0.433013,6.969127
0.432841,-0.801667,0.250000,-0.433013,5.759687
0.435119,-0.806081,0.250000,-0.433013,3.393171
0.437283,-0.810612,0.250000,-0.433013,2.737032
0.439218,-0.815186,0.250000,-0.433013,6.667627
0.441118,-0.819716,0.250000,-0.433013,6.994444
0.442960,-0.824206,0.250000,-0.433013,7.337562
0.444838,-0.828764,0.250000,-0.433013,9.106541
0.446994,-0.833281,0.250000,-0.433013,6.009708
0.449213,-0.837917,0.250000,-0.433013,3.643383
0.451344,-0.842583,0.250000,-0.433013,4.740945
0.453435,-0.847182,0.250000,-0.433013,5.548276
0.455514,-0.851687,0.250000,-0.433013,5.348578
0.457557,-0.856024,0.250000,-0.433013,4.834842
0.459647,-0.860242,0.250000,-0.433013,4.541198
0.461844,-0.864374,0.250000,-0.433013,2.711837
0.464104,-0.868380,0.250000,-0.433013,1.353512
0.466377,-0.872375,0.250000,-0.433013,0.132988
0.468632,-0.876462,0.250000,-0.433013,0.051823
0.470873,-0.880611,0.250000,-0.433013,1.157607
0.473082,-0.884795,0.250000,-0.433013,2.253423
0.475253,-0.888974,0.250000,-0.433013,1.982158
0.477340,-0.893122,0.250000,-0.433013,3.072743
0.479416,-0.897233,0.250000,-0.433013,3.706029
0.481533,-0.901352,0.250000,-0.433013,3.086865
0.483719,-0.905414,0.250000,-0.433013,2.640565
0.485902,-0.909515,0.250000,-0.433013,1.335341
0.488035,-0.913702,0.250000,-0.433013,2.527477
0.490108,-0.917931,0.250000,-0.433013,3.505952
0.492156,-0.922153,0.250000,-0.433013,4.264536
0.494214,-0.926355,0.250000,-0.433013,3.917649
0.496262,-0.930568,0.250000,-0.433013,3.902292
0.498285,-0.934778,0.250000,-0.433013,4.122831
0.500304,-0.938984,0.250000,-0.433013,4.497191
0.502331,-0.943146,0.250000,-0.433013,4.167185
0.504366,-0.947270,0.250000,-0.433013,3.818268
0.506399,-0.951392,0.250000,-0.433013,3.642915
0.508434,-0.955514,0.250000,-0.433013,3.780813
0.510467,-0.959622,0.250000,-0.433013,3.584042
0.512484,-0.963710,0.250000,-0.433013,3.689707
0.514481,-0.967770,0.250000,-0.433013,3.757461
0.516455,-0.971794,0.250000,-0.433013,3.820971
0.518405,-0.975775,0.250000,-0.433013,3.877943
0.520329,-0.979707,0.250000,-0.433013,3.892998
0.522229,-0.983590,0.250000,-0.433013,3.906959
0.524106,-0.987425,0.250000,-0.433013,3.897179
0.525961,-0.991211,0.250000,-0.433013,3.876840
0.527796,-0.994955,0.250000,-0.433013,3.882622
0.529616,-0.998680,0.250000,-0.433013,3.875621
0.531431,-1.002419,0.250000,-0.433013,4.004837
0.533264,-1.006210,0.250000,-0.433013,4.137268
0.535109,-1.010086,0.250000,-0.433013,4.071586
0.536925,-1.013972,0.250000,-0.433013,4.860486
0.538713,-1.017761,0.250000,-0.433013,5.061994
0.540549,-1.021533,0.250000,-0.433013,4.759484
0.542474,-1.025449,0.250000,-0.433013,3.966607
0.544460,-1.029568,0.250000,-0.433013,3.986033
0.546582,-1.033839,0.250000,-0.433013,4.358801
0.548727,-1.038530,0.250000,-0.433013,4.079217
0.550752,-1.043234,0.250000,-0.433013,6.932720
0.552745,-1.047551,0.250000,-0.433013,6.851481
0.554918,-1.051816,0.250000,-0.433013,3.856904
0.557095,-1.056173,0.250000,-0.433013,2.917709
0.559184,-1.060634,0.250000,-0.433013,4.293385
0.561194,-1.065128,0.250000,-0.433013,5.578540
0.563211,-1.069510,0.250000,-0.433013,5.814408
0.565197,-1.073836,0.250000,-0.433013,4.877179
0.567164,-1.078090,0.250000,-0.433013,5.533926
0.569139,-1.082283,0.250000,-0.433013,4.796631
0.571127,-1.086552,0.250000,-0.433013,4.358862
0.573083,-1.090890,0.250000,-0.433013,5.698623
0.575031,-1.095251,0.250000,-0.433013,5.537957
0.576924,-1.099586,0.250000,-0.433013,6.568457
0.578867,-1.103777,0.250000,-0.433013,5.957850
0.580855,-1.107871,0.250000,-0.433013,3.968803
0.582835,-1.112012,0.250000,-0.433013,4.095960
0.584803,-1.116183,0.250000,-0.433013,4.639058
0.586769,-1.120369,0.250000,-0.433013,4.739254
0.588727,-1.124562,0.250000,-0.433013,4.872605
0.590679,-1.128757,0.250000,-0.433013,4.976703
0.592623,-1.132951,0.250000,-0.433013,5.015197
0.594569,-1.137157,0.250000,-0.433013,5.096148
0.596527,-1.141385,0.250000,-0.433013,5.103111
0.598491,-1.145646,0.250000,-0.433013,5.106072
0.600449,-1.149922,0.250000,-0.433013,5.321774
0.602401,-1.154164,0.250000,-0.433013,5.396395
0.604346,-1.158362,0.250000,-0.433013,5.112699
0.606284,-1.162545,0.250000,-0.433013,5.042375
0.608218,-1.166716,0.250000,-0.433013,5.105193
0.610143,-1.170857,0.250000,-0.433013,5.066191
0.612055,-1.174945,0.250000,-0.433013,4.963577
0.613955,-1.178986,0.250000,-0.433013,4.803659
0.615840,-1.182997,0.250000,-0.433013,4.728535
0.617711,-1.186992,0.250000,-0.433013,4.813510
0.619574,-1.190956,0.250000,-0.433013,4.880644
0.621438,-1.194869,0.250000,-0.433013,4.660148
0.623307,-1.198732,0.250000,-0.433013,4.300053
0.625179,-1.202563,0.250000,-0.433013,3.964850
0.627060,-1.206362,0.250000,-0.433013,3.843365
0.628937,-1.210106,0.250000,-0.433013,3.448336
0.630809,-1.213805,0.250000,-0.433013,3.217558
0.632684,-1.217483,0.250000,-0.433013,3.070117
0.634559,-1.221157,0.250000,-0.433013,2.899451
0.636413,-1.224836,0.250000,-0.433013,2.890732
0.638221,-1.228529,0.250000,-0.433013,3.435612
0.639997,-1.232175,0.250000,-0.433013,4.320867
0.641829,-1.235778,0.250000,-0.433013,3.856013
0.643783,-1.239471,0.250000,-0.433013,2.822597
0.645890,-1.243345,0.250000,-0.433013,1.733684
0.648137,-1.247327,0.250000,-0.433013,0.817446
0.650362,-1.251599,0.250000,-0.433013,0.840867
0.652499,-1.256085,0.250000,-0.433013,4.383052
0.654583,-1.260479,0.250000,-0.433013,4.997960
0.656742,-1.264789,0.250000,-0.433013,4.259267
0.658943,-1.269173,0.250000,-0.433013,3.378330
0.661118,-1.273718,0.250000,-0.433013,3.673545
0.663184,-1.278239,0.250000,-0.433013,4.793656
0.665183,-1.282748,0.250000,-0.433013,5.831106
0.667137,-1.287236,0.250000,-0.433013,6.123764
0.669056,-1.291604,0.250000,-0.433013,6.475618
0.671054,-1.295810,0.250000,-0.433013,5.820436
0.673207,-1.300011,0.250000,-0.433013,3.332952
0.675441,-1.304317,0.250000,-0.433013,2.685108
0.677492,-1.308580,0.250000,-0.433013,3.368094
0.679454,-1.312877,0.250000,-0.433013,5.500730
0.681466,-1.317129,0.250000,-0.433013,4.677268
0.683426,-1.321360,0.250000,-0.433013,4.620022
0.685339,-1.325566,0.250000,-0.433013,5.667125
0.687249,-1.329760,0.250000,-0.433013,5.398362
0.689150,-1.333971,0.250000,-0.433013,5.539634
0.691032,-1.338186,0.250000,-0.433013,5.798079
0.692899,-1.342405,0.250000,-0.433013,6.042148
0.694760,-1.346637,0.250000,-0.433013,6.164183
0.696617,-1.350892,0.250000,-0.433013,6.299169
0.698467,-1.355168,0.250000,-0.433013,6.501878
0.700312,-1.359462,0.250000,-0.433013,6.667048
0.702159,-1.363767,0.250000,-0.433013,6.788724
0.704018,-1.368066,0.250000,-0.433013,6.743034
0.705894,-1.372343,0.250000,-0.433013,6.461100
0.707781,-1.376594,0.250000,-0.433013,6.116892
0.709671,-1.380822,0.250000,-0.433013,5.920895
0.711562,-1.385029,0.250000,-0.433013,5.827314
0.713457,-1.389217,0.250000,-0.433013,5.683884
0.715358,-1.393382,0.250000,-0.433013,5.538356
0.717265,-1.397517,0.250000,-0.433013,5.326966
0.719171,-1.401622,0.250000,-0.433013,5.087134
0.721060,-1.405708,0.250000,-0.433013,5.055105
0.722929,-1.409777,0.250000,-0.433013,5.282542
0.724782,-1.413810,0.250000,-0.433013,5.341820
0.726619,-1.417796,0.250000,-0.433013,5.201347
0.728436,-1.421758,0.250000,-0.433013,5.305919
0.730244,-1.425698,0.250000,-0.433013,5.395532
0.732056,-1.429616,0.250000,-0.433013,5.277439
0.733877,-1.433527,0.250000,-0.433013,5.115921
0.735713,-1.437459,0.250000,-0.433013,5.022604
0.737572,-1.441458,0.250000,-0.433013,5.048047
0.739415,-1.445540,0.250000,-0.433013,5.129636
0.741146,-1.449749,0.250000,-0.433013,6.242640
0.742800,-1.454005,0.250000,-0.433013,9.147764
0.744518,-1.458224,0.250000,-0.433013,8.625546
0.746379,-1.462513,0.250000,-0.433013,7.656937
0.748396,-1.466963,0.250000,-0.433013,6.210850
0.750300,-1.471456,0.250000,-0.433013,5.570523
0.752014,-1.475953,0.250000,-0.433013,8.967648
0.753696,-1.480453,0.250000,-0.433013,8.989888
0.755248,-1.485004,0.250000,-0.433013,9.590604
0.756798,-1.489637,0.250000,-0.433013,13.035825
0.758626,-1.494179,0.250000,-0.433013,10.138514
0.760553,-1.498807,0.250000,-0.433013,6.968954
0.762461,-1.503607,0.250000,-0.433013,7.553514
0.764335,-1.508318,0.250000,-0.433013,8.043608
0.766194,-1.512944,0.250000,-0.433013,8.325019
0.768048,-1.517395,0.250000,-0.433013,7.640675
0.769937,-1.521659,0.250000,-0.433013,6.978210
0.772020,-1.525805,0.250000,-0.433013,5.317898
0.774155,-1.529823,0.250000,-0.433013,2.164520
0.776265,-1.533899,0.250000,-0.433013,1.977396
0.778332,-1.538058,0.250000,-0.433013,2.870308
0.780470,-1.542301,0.250000,-0.433013,3.180924
0.782539,-1.546522,0.250000,-0.433013,3.490881
0.784496,-1.550681,0.250000,-0.433013,4.155736
0.786347,-1.554827,0.250000,-0.433013,5.457817
0.788203,-1.558985,0.250000,-0.433013,6.637156
0.790137,-1.563131,0.250000,-0.433013,5.439167
0.792107,-1.567322,0.250000,-0.433013,4.165654
0.794011,-1.571609,0.250000,-0.433013,5.405926
0.795862,-1.575937,0.250000,-0.433013,6.684107
0.797705,-1.580224,0.250000,-0.433013,6.775071
0.799542,-1.584478,0.250000,-0.433013,6.597158
0.801369,-1.588736,0.250000,-0.433013,6.618902
0.803176,-1.592999,0.250000,-0.433013,6.882883
0.804982,-1.597241,0.250000,-0.433013,7.069877
0.806795,-1.601437,0.250000,-0.433013,6.755702
0.808615,-1.605604,0.250000,-0.433013,6.430675
0.810430,-1.609771,0.250000,-0.433013,6.367302
0.812245,-1.613955,0.250000,-0.433013,6.490938
0.814060,-1.618126,0.250000,-0.433013,6.532494
0.815864,-1.622257,0.250000,-0.433013,6.409632
0.817648,-1.626346,0.250000,-0.433013,6.377974
0.819406,-1.630393,0.250000,-0.433013,6.456550
0.821139,-1.634395,0.250000,-0.433013,6.533079
0.822844,-1.638351,0.250000,-0.433013,6.593216
0.824523,-1.642266,0.250000,-0.433013,6.751360
0.826184,-1.646138,0.250000,-0.433013,6.765683
0.827830,-1.649971,0.250000,-0.433013,6.741860
0.829463,-1.653777,0.250000,-0.433013,6.741361
0.831090,-1.657583,0.250000,-0.433013,6.799760
0.832726,-1.661428,0.250000,-0.433013,6.891449
0.834374,-1.665339,0.250000,-0.433013,6.912214
0.836004,-1.669315,0.250000,-0.433013,7.241499
0.837590,-1.673256,0.250000,-0.433013,8.139742
0.839185,-1.677125,0.250000,-0.433013,8.162793
0.840843,-1.681042,0.250000,-0.433013,7.613561
0.842588,-1.685200,0.250000,-0.433013,7.180433
0.844408,-1.689510,0.250000,-0.433013,7.265700
0.846311,-1.694206,0.250000,-0.433013,5.986012
0.848008,-1.699121,0.250000,-0.433013,10.299062
0.849694,-1.703697,0.250000,-0.433013,11.560674
0.851557,-1.707995,0.250000,-0.433013,8.451208
0.853472,-1.712374,0.250000,-0.433013,6.044300
0.855300,-1.716968,0.250000,-0.433013,7.120676
0.857035,-1.721663,0.250000,-0.433013,9.402455
0.858798,-1.726212,0.250000,-0.433013,9.383093
0.860550,-1.730756,0.250000,-0.433013,8.358022
0.862263,-1.735261,0.250000,-0.433013,9.173392
0.863996,-1.739634,0.250000,-0.433013,8.858320
0.865812,-1.743930,0.250000,-0.433013,7.818208
0.867711,-1.748239,0.250000,-0.433013,6.310239
0.869664,-1.752622,0.250000,-0.433013,6.117021
0.871598,-1.756965,0.250000,-0.433013,5.858732
0.873446,-1.761281,0.250000,-0.433013,6.454760
0.875199,-1.765607,0.250000,-0.433013,7.299796
0.877002,-1.769902,0.250000,-0.433013,7.416027
0.878793,-1.774169,0.250000,-0.433013,6.989696
0.880555,-1.778439,0.250000,-0.433013,7.376038
0.882309,-1.782703,0.250000,-0.433013,7.709739
0.884073,-1.786965,0.250000,-0.433013,7.467757
0.885841,-1.791254,0.250000,-0.433013,7.470827
0.887611,-1.795578,0.250000,-0.433013,7.635756
0.889383,-1.799922,0.250000,-0.433013,7.760834
0.891149,-1.804250,0.250000,-0.433013,7.829372
0.892912,-1.808523,0.250000,-0.433013,7.752457
0.894676,-1.812742,0.250000,-0.433013,7.376821
0.896426,-1.816943,0.250000,-0.433013,7.252558
0.898152,-1.821150,0.250000,-0.433013,7.430651
0.899861,-1.825383,0.250000,-0.433013,7.828650
0.901575,-1.829570,0.250000,-0.433013,8.132687
0.903327,-1.833687,0.250000,-0.433013,7.309566
0.905132,-1.837795,0.250000,-0.433013,6.744459
0.906978,-1.841928,0.250000,-0.433013,6.137333
0.908825,-1.846083,0.250000,-0.433013,5.762287
0.910665,-1.850333,0.250000,-0.433013,5.415961
0.912417,-1.854647,0.250000,-0.433013,7.823887
0.914209,-1.858887,0.250000,-0.433013,8.084715
0.916119,-1.863057,0.250000,-0.433013,6.264786
0.918110,-1.867348,0.250000,-0.433013,5.268389
0.920092,-1.871719,0.250000,-0.433013,5.283391
0.921988,-1.876008,0.250000,-0.433013,5.698581
0.923838,-1.880324,0.250000,-0.433013,6.129035
0.925620,-1.884712,0.250000,-0.433013,8.088655
0.927382,-1.888965,0.250000,-0.433013,7.846900
0.929159,-1.893127,0.250000,-0.433013,7.375494
0.931017,-1.897183,0.250000,-0.433013,6.739469
0.932855,-1.901282,0.250000,-0.433013,5.128195
0.934767,-1.905517,0.250000,-0.433013,5.909517
0.936677,-1.909844,0.250000,-0.433013,5.532811
0.938529,-1.914214,0.250000,-0.433013,6.631471
0.940326,-1.918548,0.250000,-0.433013,7.535400
0.942128,-1.922818,0.250000,-0.433013,7.542514
0.944005,-1.927091,0.250000,-0.433013,6.093271
0.945845,-1.931383,0.250000,-0.433013,6.536120
0.947668,-1.935663,0.250000,-0.433013,6.977699
0.949482,-1.939960,0.250000,-0.433013,6.542705
0.951266,-1.944269,0.250000,-0.433013,7.672019
0.953059,-1.948520,0.250000,-0.433013,7.359564
0.954846,-1.952741,0.250000,-0.433013,6.898141
0.956610,-1.956946,0.250000,-0.433013,7.136851
0.958366,-1.961148,0.250000,-0.433013,7.245625
0.960121,-1.965342,0.250000,-0.433013,7.361477
0.961876,-1.969494,0.250000,-0.433013,7.199697
0.963618,-1.973593,0.250000,-0.433013,6.941166
0.965338,-1.977652,0.250000,-0.433013,6.937905
0.967028,-1.981672,0.250000,-0.433013,7.072830
0.968683,-1.985670,0.250000,-0.433013,7.315686
0.970312,-1.989649,0.250000,-0.433013,7.616334
0.971921,-1.993593,0.250000,-0.433013,7.748862
0.973513,-1.997501,0.250000,-0.433013,7.770057
0.975093,-2.001380,0.250000,-0.433013,7.801620
0.976668,-2.005241,0.250000,-0.433013,7.779813
0.978245,-2.009102,0.250000,-0.433013,7.719937
0.979817,-2.012961,0.250000,-0.433013,7.777668
0.981374,-2.016804,0.250000,-0.433013,7.832328
0.982910,-2.020641,0.250000,-0.433013,8.059529
0.984436,-2.024512,0.250000,-0.433013,8.380242
0.985966,-2.028475,0.250000,-0.433013,8.804644
0.987549,-2.032590,0.250000,-0.433013,9.117890
0.989254,-2.036964,0.250000,-0.433013,8.399348
0.990950,-2.041669,0.250000,-0.433013,9.674774
0.992505,-2.046454,0.250000,-0.433013,11.267117
0.994028,-2.051148,0.250000,-0.433013,13.037720
0.995658,-2.055811,0.250000,-0.433013,11.585832
0.997244,-2.060815,0.250000,-0.433013,10.972482
0.998695,-2.066097,0.250000,-0.433013,13.717860
1.000155,-2.071176,0.250000,-0.433013,14.766103
1.001665,-2.076117,0.250000,-0.433013,13.287934
1.003169,-2.081002,0.250000,-0.433013,12.631305
1.004629,-2.085754,0.250000,-0.433013,12.909303
1.006123,-2.090425,0.250000,-0.433013,12.568963
1.007724,-2.095093,0.250000,-0.433013,11.493223
1.009468,-2.099781,0.250000,-0.433013,10.149138
1.011271,-2.104431,0.250000,-0.433013,8.791270
1.013087,-2.109005,0.250000,-0.433013,8.522188
1.014931,-2.113509,0.250000,-0.433013,7.968674
1.016801,-2.117971,0.250000,-0.433013,7.403587
1.018688,-2.122407,0.250000,-0.433013,7.051952
1.020602,-2.126765,0.250000,-0.433013,6.633517
1.022574,-2.130975,0.250000,-0.433013,5.523103
1.024596,-2.135109,0.250000,-0.433013,3.565953
1.026446,-2.139253,0.250000,-0.433013,4.747997
1.028116,-2.143455,0.250000,-0.433013,7.359888
1.029703,-2.147680,0.250000,-0.433013,9.392686
1.031362,-2.151961,0.250000,-0.433013,9.288327
1.033081,-2.156281,0.250000,-0.433013,8.392231
1.034797,-2.160579,0.250000,-0.433013,8.112984
1.036506,-2.164854,0.250000,-0.433013,8.125769
1.038196,-2.169097,0.250000,-0.433013,8.200489
1.039878,-2.173310,0.250000,-0.433013,8.268678
1.041562,-2.177492,0.250000,-0.433013,8.146550
1.043253,-2.181649,0.250000,-0.433013,7.926336
1.044949,-2.185791,0.250000,-0.433013,7.775903
1.046647,-2.189922,0.250000,-0.433013,7.717171
1.048349,-2.194034,0.250000,-0.433013,7.660709
1.050063,-2.198115,0.250000,-0.433013,7.441738
1.051790,-2.202162,0.250000,-0.433013,7.088291
1.053546,-2.206186,0.250000,-0.433013,6.840389
1.055355,-2.210228,0.250000,-0.433013,6.396593
1.057243,-2.214375,0.250000,-0.433013,5.973201
1.059183,-2.218655,0.250000,-0.433013,5.545347
1.061042,-2.222949,0.250000,-0.433013,5.795506
1.062807,-2.227433,0.250000,-0.433013,6.537527
1.064405,-2.232129,0.250000,-0.433013,10.814297
1.065995,-2.236745,0.250000,-0.433013,11.741044
1.067655,-2.241114,0.250000,-0.433013,10.517283
1.069475,-2.245439,0.250000,-0.433013,8.549833
1.071267,-2.249739,0.250000,-0.433013,6.562112
1.072991,-2.254039,0.250000,-0.433013,8.228206
1.074711,-2.258361,0.250000,-0.433013,8.206408
1.076400,-2.262710,0.250000,-0.433013,7.970567
1.078155,-2.267077,0.250000,-0.433013,8.847884
1.079907,-2.271379,0.250000,-0.433013,7.736000
1.081595,-2.275646,0.250000,-0.433013,8.004006
1.083213,-2.279921,0.250000,-0.433013,8.901353
1.084772,-2.284303,0.250000,-0.433013,9.891902
1.086401,-2.288668,0.250000,-0.433013,11.023246
1.088043,-2.292971,0.250000,-0.433013,8.545484
1.089648,-2.297324,0.250000,-0.433013,9.607764
1.091241,-2.301681,0.250000,-0.433013,9.888669
1.092815,-2.306032,0.250000,-0.433013,9.876893
1.094364,-2.310383,0.250000,-0.433013,10.248200
1.095895,-2.314727,0.250000,-0.433013,10.510763
1.097422,-2.319058,0.250000,-0.433013,10.567164
1.098952,-2.323376,0.250000,-0.433013,10.514287
1.100488,-2.327679,0.250000,-0.433013,10.411145
1.102032,-2.331959,0.250000,-0.433013,10.223343
1.103582,-2.336209,0.250000,-0.433013,10.019542
1.105134,-2.340424,0.250000,-0.433013,9.820663
1.106679,-2.344591,0.250000,-0.433013,9.670655
1.108211,-2.348712,0.250000,-0.433013,9.562179
1.109730,-2.352801,0.250000,-0.433013,9.542294
1.111232,-2.356853,0.250000,-0.433013,9.591023
1.112714,-2.360857,0.250000,-0.433013,9.633336
1.114178,-2.364811,0.250000,-0.433013,9.627195
1.115628,-2.368729,0.250000,-0.433013,9.610598
1.117063,-2.372622,0.250000,-0.433013,9.666760
1.118486,-2.376495,0.250000,-0.433013,9.743956
1.119905,-2.380356,0.250000,-0.433013,9.779122
1.121327,-2.384217,0.250000,-0.433013,9.724509
1.122749,-2.388086,0.250000,-0.433013,9.708824
1.124159,-2.391950,0.250000,-0.433013,9.836461
1.125549,-2.395783,0.250000,-0.433013,9.992603
1.126930,-2.399601,0.250000,-0.433013,10.135247
1.128310,-2.403429,0.250000,-0.433013,10.135499
1.129688,-2.407293,0.250000,-0.433013,10.278696
1.131063,-2.411217,0.250000,-0.433013,10.526075
1.132427,-2.415206,0.250000,-0.433013,10.877760
1.133757,-2.419221,0.250000,-0.433013,11.375837
1.135050,-2.423244,0.250000,-0.433013,12.116556
1.136360,-2.427258,0.250000,-0.433013,12.441980
1.137770,-2.431324,0.250000,-0.433013,12.012580
1.139317,-2.435634,0.250000,-0.433013,10.688550
1.140823,-2.440123,0.250000,-0.433013,10.342283
1.142156,-2.444616,0.250000,-0.433013,13.283461
1.143484,-2.449140,0.250000,-0.433013,13.093585
1.144671,-2.453724,0.250000,-0.433013,15.376097
1.145917,-2.458220,0.250000,-0.433013,16.018426
1.147394,-2.462593,0.250000,-0.433013,13.022535
1.148887,-2.467096,0.250000,-0.433013,10.507886
1.150275,-2.471768,0.250000,-0.433013,12.470202
1.151672,-2.476391,0.250000,-0.433013,13.240038
1.153143,-2.480870,0.250000,-0.433013,12.712488
1.154597,-2.485240,0.250000,-0.433013,11.458948
1.156020,-2.489532,0.250000,-0.433013,11.790183
1.157466,-2.493847,0.250000,-0.433013,11.179753
1.158916,-2.498214,0.250000,-0.433013,12.073113
1.160375,-2.502585,0.250000,-0.433013,11.165231
1.161817,-2.507013,0.250000,-0.433013,11.687030
1.163226,-2.511478,0.250000,-0.433013,12.140101
1.164616,-2.515894,0.250000,-0.433013,12.844000
1.166018,-2.520253,0.250000,-0.433013,12.171163
1.167394,-2.524602,0.250000,-0.433013,12.076834
1.168738,-2.528956,0.250000,-0.433013,12.691229
1.170083,-2.533285,0.250000,-0.433013,12.920227
1.171423,-2.537571,0.250000,-0.433013,12.527634
1.172755,-2.541838,0.250000,-0.433013,12.624139
1.174079,-2.546068,0.250000,-0.433013,12.634121
1.175403,-2.550259,0.250000,-0.433013,12.507397
1.176723,-2.554412,0.250000,-0.433013,12.335452
1.178032,-2.558524,0.250000,-0.433013,12.342227
1.179331,-2.562578,0.250000,-0.433013,12.267913
1.180619,-2.566571,0.250000,-0.433013,12.088474
1.181894,-2.570526,0.250000,-0.433013,12.056735
1.183164,-2.574444,0.250000,-0.433013,12.067703
1.184435,-2.578319,0.250000,-0.433013,11.861433
1.185712,-2.582165,0.250000,-0.433013,11.681027
1.187003,-2.586002,0.250000,-0.433013,11.444605
1.188307,-2.589850,0.250000,-0.433013,11.244125
1.189618,-2.593719,0.250000,-0.433013,11.191918
0.000000,0.000000,0.250000,-0.433013,0.000000
0.000135,-0.000025,0.250000,-0.433013,90.000000
0.001011,-0.000761,0.250000,-0.433013,51.062663
0.002553,-0.002720,0.250000,-0.433013,18.123918
0.004300,-0.005965,0.250000,-0.433013,1.978977
0.006379,-0.009943,0.250000,-0.433013,4.209108
0.008661,-0.014070,0.250000,-0.433013,1.285490
0.010985,-0.018255,0.250000,-0.433013,0.919468
0.013340,-0.022486,0.250000,-0.433013,1.017256
0.015663,-0.026693,0.250000,-0.433013,1.104922
0.017914,-0.030893,0.250000,-0.433013,1.509517
0.020104,-0.035074,0.250000,-0.433013,2.364157
0.022298,-0.039238,0.250000,-0.433013,2.487949
0.024621,-0.043287,0.250000,-0.433013,1.139119
0.026977,-0.047241,0.250000,-0.433013,0.796782
0.029357,-0.051137,0.250000,-0.433013,1.166713
0.031789,-0.055018,0.250000,-0.433013,1.836750
0.034232,-0.058978,0.250000,-0.433013,2.524534
0.036540,-0.062970,0.250000,-0.433013,0.805937
0.038813,-0.066957,0.250000,-0.433013,0.774013
0.041090,-0.070922,0.250000,-0.433013,0.253947
0.043386,-0.074963,0.250000,-0.433013,0.286703
0.045702,-0.079052,0.250000,-0.433013,0.402772
0.048013,-0.083142,0.250000,-0.433013,0.448180
0.050322,-0.087225,0.250000,-0.433013,0.535858
0.052624,-0.091291,0.250000,-0.433013,0.402553
0.054920,-0.095357,0.250000,-0.433013,0.469374
0.057207,-0.099434,0.250000,-0.433013,0.559657
