0.000000,0.000000,0.250000,0.433013,0.000000
0.000135,-0.000025,0.250000,0.433013,90.000000
0.000983,0.000956,0.250000,0.433013,68.937337
0.002481,0.002818,0.250000,0.433013,8.944704
0.004257,0.005503,0.250000,0.433013,6.363908
0.006290,0.008830,0.250000,0.433013,0.918244
0.008464,0.012510,0.250000,0.433013,1.182068
0.010695,0.016283,0.250000,0.433013,0.008511
0.012948,0.020125,0.250000,0.433013,1.068890
0.015246,0.024039,0.250000,0.433013,0.142185
0.017589,0.027907,0.250000,0.433013,0.952547
0.019954,0.031705,0.250000,0.433013,1.423750
0.022352,0.035424,0.250000,0.433013,2.298441
0.024791,0.039100,0.250000,0.433013,3.181579
0.027256,0.042773,0.250000,0.433013,3.816108
0.029699,0.046456,0.250000,0.433013,3.904048
0.032094,0.050135,0.250000,0.433013,3.399147
0.034456,0.053799,0.250000,0.433013,3.015068
0.036840,0.057519,0.250000,0.433013,3.096873
0.039166,0.061321,0.250000,0.433013,2.464837
0.041398,0.065161,0.250000,0.433013,0.380120
0.043649,0.069041,0.250000,0.433013,0.230320
0.045955,0.072986,0.250000,0.433013,0.182880
0.048329,0.076913,0.250000,0.433013,0.413363
0.050684,0.080848,0.250000,0.433013,1.309301
0.053015,0.084794,0.250000,0.433013,0.576213
0.055318,0.088739,0.250000,0.433013,0.446271
0.057613,0.092683,0.250000,0.433013,0.218790
0.059919,0.096650,0.250000,0.433013,0.231027
0.062241,0.100624,0.250000,0.433013,0.169377
0.064581,0.104597,0.250000,0.433013,0.420203
0.066947,0.108594,0.250000,0.433013,0.540638
0.069322,0.112609,0.250000,0.433013,0.589243
0.071669,0.116603,0.250000,0.433013,0.467010
0.073982,0.120567,0.250000,0.433013,0.315307
0.076287,0.124498,0.250000,0.433013,0.279952
0.078622,0.128455,0.250000,0.433013,0.543028
0.080941,0.132416,0.250000,0.433013,0.361894
0.083219,0.136381,0.250000,0.433013,0.266705
0.085526,0.140345,0.250000,0.433013,0.120198
0.087925,0.144339,0.250000,0.433013,0.706714
0.090260,0.148367,0.250000,0.433013,0.507904
0.092553,0.152426,0.250000,0.433013,0.373689
0.094836,0.156518,0.250000,0.433013,0.779202
0.097162,0.160563,0.250000,0.433013,0.432298
0.099530,0.164579,0.250000,0.433013,0.079956
0.101900,0.168569,0.250000,0.433013,0.318047
0.104234,0.172603,0.250000,0.433013,1.113546
0.106573,0.176629,0.250000,0.433013,0.729773
0.108965,0.180667,0.250000,0.433013,0.597300
0.111323,0.184716,0.250000,0.433013,0.471464
0.113626,0.188770,0.250000,0.433013,0.054696
0.115945,0.192815,0.250000,0.433013,0.058323
0.118252,0.196853,0.250000,0.433013,0.257007
0.120570,0.200891,0.250000,0.433013,0.156145
0.122879,0.204909,0.250000,0.433013,0.068864
0.125171,0.208916,0.250000,0.433013,0.109398
0.127442,0.212920,0.250000,0.433013,0.271177
0.129686,0.216926,0.250000,0.433013,0.547808
0.131905,0.220929,0.250000,0.433013,0.850630
0.134100,0.224922,0.250000,0.433013,1.083952
0.136273,0.228885,0.250000,0.433013,1.237913
0.138424,0.232808,0.250000,0.433013,1.253193
0.140555,0.236692,0.250000,0.433013,1.219773
0.142669,0.240551,0.250000,0.433013,1.221899
0.144765,0.244395,0.250000,0.433013,1.320704
0.146840,0.248223,0.250000,0.433013,1.486783
0.148888,0.252029,0.250000,0.433013,1.594732
0.150934,0.255817,0.250000,0.433013,1.793825
0.152970,0.259606,0.250000,0.433013,1.662179
0.154991,0.263386,0.250000,0.433013,1.897602
0.157021,0.267151,0.250000,0.433013,1.918496
0.159082,0.270970,0.250000,0.433013,1.639409
0.161173,0.274838,0.250000,0.433013,1.966707
0.163403,0.278754,0.250000,0.433013,1.548332
0.165730,0.282702,0.250000,0.433013,0.263901
0.168120,0.286736,0.250000,0.433013,1.069667
0.170380,0.290830,0.250000,0.433013,0.143402
0.172657,0.294873,0.250000,0.433013,2.120458
0.174992,0.299006,0.250000,0.433013,0.285173
0.177329,0.303178,0.250000,0.433013,0.933180
0.179601,0.307246,0.250000,0.433013,0.772930
0.181886,0.311330,0.250000,0.433013,0.867795
0.184245,0.315466,0.250000,0.433013,0.577494
0.186585,0.319580,0.250000,0.433013,0.103736
0.188886,0.323662,0.250000,0.433013,0.891894
0.191166,0.327631,0.250000,0.433013,0.781710
0.193458,0.331564,0.250000,0.433013,0.581374
0.195748,0.335557,0.250000,0.433013,0.174068
0.198031,0.339601,0.250000,0.433013,0.383094
0.200307,0.343622,0.250000,0.433013,0.482157
0.202581,0.347615,0.250000,0.433013,0.316434
0.204858,0.351588,0.250000,0.433013,0.260281
0.207143,0.355548,0.250000,0.433013,0.024323
0.209434,0.359504,0.250000,0.433013,0.001238
0.211736,0.363469,0.250000,0.433013,0.203152
0.214031,0.367432,0.250000,0.433013,0.182679
0.216317,0.371394,0.250000,0.433013,0.036005
0.218603,0.375345,0.250000,0.433013,0.028008
0.220881,0.379265,0.250000,0.433013,0.155571
0.223147,0.383146,0.250000,0.433013,0.237257
0.225396,0.386988,0.250000,0.433013,0.377259
0.227618,0.390795,0.250000,0.433013,0.389980
0.229813,0.394582,0.250000,0.433013,0.195729
0.231985,0.398350,0.250000,0.433013,0.013607
0.234130,0.402094,0.250000,0.433013,0.014211
0.236242,0.405825,0.250000,0.433013,0.304582
0.238334,0.409543,0.250000,0.433013,0.649819
0.240407,0.413238,0.250000,0.433013,0.595298
0.242457,0.416913,0.250000,0.433013,0.758960
0.244489,0.420577,0.250000,0.433013,0.919426
0.246508,0.424237,0.250000,0.433013,1.069563
0.248519,0.427895,0.250000,0.433013,1.189564
0.250528,0.431555,0.250000,0.433013,1.266080
0.252544,0.435212,0.250000,0.433013,1.301582
0.254576,0.438865,0.250000,0.433013,1.089542
0.256635,0.442573,0.250000,0.433013,0.911331
0.258730,0.446385,0.250000,0.433013,1.107736
0.260874,0.450304,0.250000,0.433013,1.437373
0.263071,0.454299,0.250000,0.433013,1.658399
0.265295,0.458327,0.250000,0.433013,0.727985
0.267487,0.462236,0.250000,0.433013,1.563798
0.269777,0.466181,0.250000,0.433013,0.003242
0.272170,0.470313,0.250000,0.433013,0.247491
0.274481,0.474440,0.250000,0.433013,0.621717
0.276752,0.478602,0.250000,0.433013,1.014564
0.279088,0.482864,0.250000,0.433013,1.618514
0.281525,0.487128,0.250000,0.433013,0.384073
0.283888,0.491318,0.250000,0.433013,0.245517
0.286205,0.495429,0.250000,0.433013,1.019698
0.288506,0.499519,0.250000,0.433013,0.492676
0.290835,0.503581,0.250000,0.433013,0.852300
0.293202,0.507636,0.250000,0.433013,0.303801
0.295610,0.511701,0.250000,0.433013,1.202582
0.297950,0.515757,0.250000,0.433013,0.150942
0.300263,0.519812,0.250000,0.433013,0.023017
0.302559,0.523879,0.250000,0.433013,0.583758
0.304857,0.527913,0.250000,0.433013,0.234229
0.307185,0.531957,0.250000,0.433013,0.010280
0.309507,0.536006,0.250000,0.433013,0.134326
0.311834,0.540034,0.250000,0.433013,0.109387
0.314168,0.544040,0.250000,0.433013,0.239582
0.316489,0.548015,0.250000,0.433013,0.247951
0.318799,0.551978,0.250000,0.433013,0.351592
0.321084,0.555947,0.250000,0.433013,0.224975
0.323335,0.559923,0.250000,0.433013,0.299689
0.325559,0.563896,0.250000,0.433013,0.573204
0.327753,0.567851,0.250000,0.433013,0.863764
0.329918,0.571776,0.250000,0.433013,1.028463
0.332054,0.575663,0.250000,0.433013,1.132948
0.334161,0.579511,0.250000,0.433013,1.233393
0.336238,0.583324,0.250000,0.433013,1.318301
0.338284,0.587096,0.250000,0.433013,1.453360
0.340291,0.590810,0.250000,0.433013,1.570512
0.342257,0.594470,0.250000,0.433013,1.674334
0.344177,0.598083,0.250000,0.433013,1.887536
0.346129,0.601720,0.250000,0.433013,2.135430
0.348167,0.605441,0.250000,0.433013,1.341714
0.350240,0.609217,0.250000,0.433013,1.298855
0.352327,0.613030,0.250000,0.433013,1.310493
0.354402,0.616845,0.250000,0.433013,1.404612
0.356479,0.620638,0.250000,0.433013,1.466141
0.358610,0.624431,0.250000,0.433013,1.178567
0.360811,0.628353,0.250000,0.433013,0.819623
0.363024,0.632407,0.250000,0.433013,1.065644
0.365385,0.636533,0.250000,0.433013,1.427667
0.367779,0.640658,0.250000,0.433013,0.360978
0.370059,0.644737,0.250000,0.433013,0.751543
0.372233,0.648779,0.250000,0.433013,1.320606
0.374448,0.652722,0.250000,0.433013,2.394945
0.376751,0.656668,0.250000,0.433013,0.589386
0.379068,0.660763,0.250000,0.433013,0.175754
0.381423,0.664848,0.250000,0.433013,0.470185
0.383723,0.668894,0.250000,0.433013,0.137363
0.385940,0.672935,0.250000,0.433013,0.633652
0.388118,0.676980,0.250000,0.433013,1.714853
0.390337,0.681023,0.250000,0.433013,1.508136
0.392567,0.685078,0.250000,0.433013,1.060740
0.394834,0.689063,0.250000,0.433013,1.339736
0.397078,0.692993,0.250000,0.433013,0.167809
0.399347,0.696981,0.250000,0.433013,0.269890
0.401620,0.701025,0.250000,0.433013,0.384300
0.403929,0.705064,0.250000,0.433013,0.467802
0.406269,0.709082,0.250000,0.433013,0.093300
0.408602,0.713088,0.250000,0.433013,0.362559
0.410918,0.717069,0.250000,0.433013,0.058963
0.413221,0.721019,0.250000,0.433013,0.298001
0.415513,0.724969,0.250000,0.433013,0.254824
0.417791,0.728920,0.250000,0.433013,0.031386
0.420046,0.732863,0.250000,0.433013,0.046612
0.422260,0.736775,0.250000,0.433013,0.331578
0.424437,0.740649,0.250000,0.433013,0.572219
0.426572,0.744485,0.250000,0.433013,0.669180
0.428666,0.748288,0.250000,0.433013,1.022798
0.430723,0.752056,0.250000,0.433013,1.252479
0.432742,0.755775,0.250000,0.433013,1.392865
0.434716,0.759432,0.250000,0.433013,1.547883
0.436645,0.763022,0.250000,0.433013,1.664464
0.438528,0.766542,0.250000,0.433013,1.767094
0.440367,0.770000,0.250000,0.433013,1.897691
0.442171,0.773417,0.250000,0.433013,2.040194
0.443955,0.776824,0.250000,0.433013,2.227789
0.445713,0.780207,0.250000,0.433013,2.444496
0.447444,0.783540,0.250000,0.433013,2.587766
0.449166,0.786812,0.250000,0.433013,2.510288
0.450878,0.790023,0.250000,0.433013,2.057074
0.452577,0.793195,0.250000,0.433013,1.881066
0.454286,0.796374,0.250000,0.433013,1.751439
0.456063,0.799662,0.250000,0.433013,1.717624
0.457932,0.803085,0.250000,0.433013,1.563636
0.459890,0.806658,0.250000,0.433013,1.232587
0.461902,0.810366,0.250000,0.433013,1.359701
0.463922,0.814169,0.250000,0.433013,1.816807
0.465927,0.818027,0.250000,0.433013,2.319255
0.467929,0.821862,0.250000,0.433013,2.800243
0.469978,0.825675,0.250000,0.433013,2.251468
0.472109,0.829605,0.250000,0.433013,1.695193
0.474274,0.833742,0.250000,0.433013,1.944639
0.476551,0.837981,0.250000,0.433013,2.866152
0.478922,0.842295,0.250000,0.433013,1.248506
0.481194,0.846621,0.250000,0.433013,2.123800
0.483301,0.850928,0.250000,0.433013,3.025856
0.485515,0.855021,0.250000,0.433013,4.522877
0.487802,0.859068,0.250000,0.433013,0.750855
0.490012,0.863308,0.250000,0.433013,1.678659
0.492221,0.867607,0.250000,0.433013,2.618762
0.494433,0.871931,0.250000,0.433013,2.500657
0.496647,0.876266,0.250000,0.433013,2.740608
0.498918,0.880535,0.250000,0.433013,2.923034
0.501254,0.884735,0.250000,0.433013,1.130687
0.503624,0.888947,0.250000,0.433013,0.729218
0.506027,0.893101,0.250000,0.433013,0.755436
0.508412,0.897044,0.250000,0.433013,1.168356
0.510693,0.900947,0.250000,0.433013,1.112422
0.512899,0.904886,0.250000,0.433013,0.049043
0.515045,0.908862,0.250000,0.433013,1.440903
0.517189,0.912837,0.250000,0.433013,1.791233
0.519342,0.916793,0.250000,0.433013,1.493824
0.521500,0.920731,0.250000,0.433013,1.349134
0.523672,0.924658,0.250000,0.433013,1.122760
0.525859,0.928581,0.250000,0.433013,0.878142
0.528055,0.932501,0.250000,0.433013,0.745278
0.530253,0.936419,0.250000,0.433013,0.654717
0.532448,0.940342,0.250000,0.433013,0.690180
0.534643,0.944276,0.250000,0.433013,0.760657
0.536842,0.948228,0.250000,0.433013,0.847074
0.539046,0.952199,0.250000,0.433013,0.919188
0.541259,0.956177,0.250000,0.433013,0.944339
0.543480,0.960139,0.250000,0.433013,0.833175
0.545702,0.964074,0.250000,0.433013,0.540534
0.547911,0.968003,0.250000,0.433013,0.465720
0.550110,0.971931,0.250000,0.433013,0.736104
0.552297,0.975837,0.250000,0.433013,0.703100
0.554472,0.979730,0.250000,0.433013,0.714896
0.556635,0.983608,0.250000,0.433013,0.816202
0.558786,0.987458,0.250000,0.433013,0.794194
0.560924,0.991257,0.250000,0.433013,0.637461
0.563036,0.994993,0.250000,0.433013,0.518951
0.565106,0.998640,0.250000,0.433013,0.474237
0.567148,1.002213,0.250000,0.433013,0.351087
0.569179,1.005742,0.250000,0.433013,0.127098
0.571222,1.009305,0.250000,0.433013,0.000294
0.573237,1.012853,0.250000,0.433013,0.348140
0.575211,1.016352,0.250000,0.433013,0.534979
0.577156,1.019818,0.250000,0.433013,0.582311
0.579070,1.023234,0.250000,0.433013,0.823189
0.580960,1.026594,0.250000,0.433013,0.679667
0.582829,1.029910,0.250000,0.433013,0.535482
0.584682,1.033228,0.250000,0.433013,0.592536
0.586514,1.036548,0.250000,0.433013,1.035774
0.588321,1.039844,0.250000,0.433013,1.200611
0.590109,1.043133,0.250000,0.433013,1.367570
0.591896,1.046454,0.250000,0.433013,1.603403
0.593677,1.049794,0.250000,0.433013,1.804452
0.595469,1.053145,0.250000,0.433013,2.038597
0.597264,1.056511,0.250000,0.433013,1.830641
0.599069,1.059939,0.250000,0.433013,2.076667
0.600899,1.063465,0.250000,0.433013,2.457393
0.602760,1.067079,0.250000,0.433013,2.811985
0.604659,1.070773,0.250000,0.433013,2.853671
0.606597,1.074507,0.250000,0.433013,2.998244
0.608615,1.078220,0.250000,0.433013,2.517733
0.610741,1.082119,0.250000,0.433013,1.057164
0.612882,1.086256,0.250000,0.433013,2.139322
0.615176,1.090517,0.250000,0.433013,2.898269
0.617506,1.094920,0.250000,0.433013,1.599904
0.619662,1.099373,0.250000,0.433013,3.665765
0.621713,1.103754,0.250000,0.433013,5.159515
0.623892,1.107921,0.250000,0.433013,4.604461
0.626140,1.112253,0.250000,0.433013,0.999952
0.628326,1.116744,0.250000,0.433013,3.482679
0.630445,1.121212,0.250000,0.433013,4.204131
0.632501,1.125676,0.250000,0.433013,4.651284
0.634637,1.130290,0.250000,0.433013,5.235623
0.636871,1.135038,0.250000,0.433013,5.021374
0.639245,1.139712,0.250000,0.433013,3.878773
0.641767,1.144193,0.250000,0.433013,1.655525
0.644400,1.148428,0.250000,0.433013,1.121746
0.647081,1.152410,0.250000,0.433013,3.451298
0.649566,1.156151,0.250000,0.433013,4.379717
0.651856,1.159768,0.250000,0.433013,3.357243
0.654006,1.163330,0.250000,0.433013,1.888424
0.656002,1.166730,0.250000,0.433013,0.400736
0.657867,1.169891,0.250000,0.433013,0.536745
0.659688,1.172890,0.250000,0.433013,0.670965
0.661563,1.175781,0.250000,0.433013,1.966380
0.663504,1.178599,0.250000,0.433013,3.945587
0.665493,1.181395,0.250000,0.433013,5.224305
0.667546,1.184212,0.250000,0.433013,5.720916
0.669630,1.187066,0.250000,0.433013,6.438902
0.671678,1.189956,0.250000,0.433013,5.903067
0.673711,1.192910,0.250000,0.433013,4.886104
0.675744,1.195929,0.250000,0.433013,4.359705
0.677763,1.199017,0.250000,0.433013,3.687074
0.679754,1.202165,0.250000,0.433013,2.634255
0.681806,1.205362,0.250000,0.433013,1.922584
0.683989,1.208594,0.250000,0.433013,3.693190
0.686194,1.211845,0.250000,0.433013,4.372775
0.688362,1.215105,0.250000,0.433013,3.891467
0.690550,1.218417,0.250000,0.433013,3.361357
0.692825,1.221818,0.250000,0.433013,3.539266
0.695180,1.225301,0.250000,0.433013,3.932721
0.697575,1.228847,0.250000,0.433013,4.190723
0.699980,1.232474,0.250000,0.433013,3.781963
0.702397,1.236204,0.250000,0.433013,3.195663
0.704824,1.240055,0.250000,0.433013,2.523214
0.707229,1.244027,0.250000,0.433013,1.647154
0.709594,1.248022,0.250000,0.433013,0.449541
0.711899,1.251978,0.250000,0.433013,0.319018
0.714184,1.255918,0.250000,0.433013,0.076930
0.716505,1.259863,0.250000,0.433013,0.119141
0.718893,1.263801,0.250000,0.433013,0.788891
0.721358,1.267769,0.250000,0.433013,1.350890
0.723882,1.271803,0.250000,0.433013,1.594245
0.726312,1.275836,0.250000,0.433013,1.705476
0.728636,1.279746,0.250000,0.433013,0.010334
0.730988,1.283648,0.250000,0.433013,1.338693
0.733301,1.287625,0.250000,0.433013,0.418610
0.735562,1.291589,0.250000,0.433013,0.066149
0.737741,1.295545,0.250000,0.433013,0.767853
0.739898,1.299543,0.250000,0.433013,1.574978
0.742104,1.303450,0.250000,0.433013,1.769622
0.744408,1.307373,0.250000,0.433013,0.465465
0.746717,1.311374,0.250000,0.433013,0.386584
0.748996,1.315395,0.250000,0.433013,0.281819
0.751269,1.319441,0.250000,0.433013,0.464461
0.753557,1.323467,0.250000,0.433013,0.563572
0.755851,1.327455,0.250000,0.433013,0.025551
0.758142,1.331443,0.250000,0.433013,0.131658
0.760427,1.335414,0.250000,0.433013,0.067398
0.762694,1.339365,0.250000,0.433013,0.029520
0.764937,1.343310,0.250000,0.433013,0.203343
0.767154,1.347252,0.250000,0.433013,0.478353
0.769342,1.351176,0.250000,0.433013,0.719286
0.771512,1.355089,0.250000,0.433013,0.900449
0.773671,1.358957,0.250000,0.433013,0.966180
0.775819,1.362789,0.250000,0.433013,0.641445
0.777965,1.366641,0.250000,0.433013,0.868770
0.780131,1.370525,0.250000,0.433013,0.873412
0.782277,1.374417,0.250000,0.433013,1.015471
0.784377,1.378268,0.250000,0.433013,1.274313
0.786540,1.382093,0.250000,0.433013,1.139897
0.788783,1.385961,0.250000,0.433013,0.252277
0.791033,1.389937,0.250000,0.433013,0.070196
0.793333,1.394009,0.250000,0.433013,1.119139
0.795662,1.398056,0.250000,0.433013,0.298604
0.797931,1.402033,0.250000,0.433013,0.320733
0.800191,1.406036,0.250000,0.433013,0.108617
0.802482,1.410028,0.250000,0.433013,1.250741
0.804830,1.414014,0.250000,0.433013,0.666735
0.807194,1.418050,0.250000,0.433013,0.429305
0.809582,1.422038,0.250000,0.433013,1.242135
0.811904,1.426006,0.250000,0.433013,0.587143
0.814193,1.430046,0.250000,0.433013,0.105174
0.816482,1.434133,0.250000,0.433013,0.949804
0.818815,1.438130,0.250000,0.433013,0.142954
0.821152,1.442056,0.250000,0.433013,0.691771
0.823481,1.445968,0.250000,0.433013,0.854342
0.825783,1.449904,0.250000,0.433013,0.700694
0.828040,1.453936,0.250000,0.433013,0.049952
0.830333,1.457983,0.250000,0.433013,0.849109
0.832646,1.461971,0.250000,0.433013,0.054950
0.834954,1.465941,0.250000,0.433013,0.173043
0.837262,1.469902,0.250000,0.433013,0.168080
0.839554,1.473852,0.250000,0.433013,0.327776
0.841827,1.477803,0.250000,0.433013,0.009169
0.844087,1.481753,0.250000,0.433013,0.077096
0.846329,1.485692,0.250000,0.433013,0.316102
0.848551,1.489600,0.250000,0.433013,0.303911
0.850742,1.493470,0.250000,0.433013,0.365461
0.852898,1.497297,0.250000,0.433013,0.524003
0.855035,1.501103,0.250000,0.433013,0.594333
0.857168,1.504917,0.250000,0.433013,0.762135
0.859283,1.508712,0.250000,0.433013,0.732668
0.861358,1.512469,0.250000,0.433013,0.947780
0.863414,1.516222,0.250000,0.433013,1.252515
0.865474,1.519991,0.250000,0.433013,1.245884
0.867520,1.523774,0.250000,0.433013,1.498961
0.869531,1.527535,0.250000,0.433013,1.795933
0.871542,1.531259,0.250000,0.433013,1.947129
0.873580,1.534989,0.250000,0.433013,1.412020
0.875658,1.538806,0.250000,0.433013,1.526057
0.877785,1.542707,0.250000,0.433013,1.418731
0.879937,1.546669,0.250000,0.433013,1.588386
0.882124,1.550681,0.250000,0.433013,1.087689
0.884264,1.554685,0.250000,0.433013,1.909800
0.886469,1.558609,0.250000,0.433013,1.871954
0.888815,1.562652,0.250000,0.433013,0.153191
0.891113,1.566753,0.250000,0.433013,0.310516
0.893423,1.570857,0.250000,0.433013,1.199255
0.895893,1.575002,0.250000,0.433013,0.390132
0.898341,1.579138,0.250000,0.433013,0.890335
0.900711,1.583224,0.250000,0.433013,0.197863
0.903035,1.587258,0.250000,0.433013,0.161287
0.905307,1.591306,0.250000,0.433013,0.512957
0.907604,1.595333,0.250000,0.433013,1.018160
0.909970,1.599353,0.250000,0.433013,0.360368
0.912320,1.603402,0.250000,0.433013,0.748366
0.914606,1.607458,0.250000,0.433013,0.329194
0.916863,1.611533,0.250000,0.433013,0.696157
0.919110,1.615627,0.250000,0.433013,1.269152
0.921413,1.619675,0.250000,0.433013,0.778116
0.923751,1.623701,0.250000,0.433013,0.077921
0.926107,1.627734,0.250000,0.433013,0.321189
0.928458,1.631763,0.250000,0.433013,0.388528
0.930785,1.635757,0.250000,0.433013,0.194765
0.933096,1.639711,0.250000,0.433013,0.251625
0.935383,1.643641,0.250000,0.433013,0.419677
0.937630,1.647563,0.250000,0.433013,0.022214
0.939840,1.651474,0.250000,0.433013,0.329273
0.942015,1.655363,0.250000,0.433013,0.658535
0.944155,1.659225,0.250000,0.433013,0.867222
0.946252,1.663043,0.250000,0.433013,1.086559
0.948310,1.666803,0.250000,0.433013,1.232729
0.950330,1.670505,0.250000,0.433013,1.349752
0.952342,1.674188,0.250000,0.433013,1.353261
0.954328,1.677843,0.250000,0.433013,1.303980
0.956266,1.681446,0.250000,0.433013,1.597096
0.958163,1.685011,0.250000,0.433013,1.794541
0.960014,1.688512,0.250000,0.433013,2.109089
0.961836,1.691948,0.250000,0.433013,2.164627
0.963626,1.695324,0.250000,0.433013,2.027992
0.965418,1.698666,0.250000,0.433013,2.106430
0.967318,1.702132,0.250000,0.433013,1.512760
0.969293,1.705705,0.250000,0.433013,1.040679
0.971313,1.709359,0.250000,0.433013,1.157001
0.973374,1.713109,0.250000,0.433013,1.012349
0.975433,1.716904,0.250000,0.433013,1.469067
0.977487,1.720731,0.250000,0.433013,1.678256
0.979535,1.724549,0.250000,0.433013,1.971967
0.981630,1.728339,0.250000,0.433013,1.749502
0.983814,1.732237,0.250000,0.433013,0.946486
0.986008,1.736326,0.250000,0.433013,1.160303
0.988295,1.740505,0.250000,0.433013,2.447595
0.990667,1.744694,0.250000,0.433013,0.779252
0.992988,1.748897,0.250000,0.433013,0.937725
0.995170,1.753048,0.250000,0.433013,1.822232
0.997333,1.757096,0.250000,0.433013,3.088916
0.999616,1.761039,0.250000,0.433013,0.653006
1.001934,1.765160,0.250000,0.433013,0.516242
1.004222,1.769330,0.250000,0.433013,1.060089
1.006526,1.773487,0.250000,0.433013,0.994528
1.008787,1.777596,0.250000,0.433013,1.065439
1.010974,1.781667,0.250000,0.433013,1.290131
1.013178,1.785793,0.250000,0.433013,2.082273
1.015405,1.789896,0.250000,0.433013,2.249131
1.017636,1.794001,0.250000,0.433013,0.985582
1.019899,1.797989,0.250000,0.433013,1.855440
1.022137,1.801886,0.250000,0.433013,0.035572
1.024392,1.805841,0.250000,0.433013,0.054280
1.026637,1.809870,0.250000,0.433013,0.482600
1.028911,1.813921,0.250000,0.433013,0.810334
1.031209,1.817952,0.250000,0.433013,0.484267
1.033509,1.821959,0.250000,0.433013,0.112728
1.035799,1.825950,0.250000,0.433013,0.132565
1.038088,1.829923,0.250000,0.433013,0.142639
1.040383,1.833877,0.250000,0.433013,0.047782
1.042681,1.837825,0.250000,0.433013,0.220122
1.044980,1.841781,0.250000,0.433013,0.240110
1.047278,1.845748,0.250000,0.433013,0.139322
1.049569,1.849710,0.250000,0.433013,0.068168
1.051839,1.853629,0.250000,0.433013,0.063261
1.054095,1.857514,0.250000,0.433013,0.178421
1.056327,1.861368,0.250000,0.433013,0.206360
1.058519,1.865194,0.250000,0.433013,0.029506
1.060680,1.869018,0.250000,0.433013,0.291536
1.062799,1.872824,0.250000,0.433013,0.686888
1.064880,1.876592,0.250000,0.433013,1.005652
1.066919,1.880294,0.250000,0.433013,1.111281
1.068918,1.883926,0.250000,0.433013,1.109127
1.070875,1.887494,0.250000,0.433013,1.139799
1.072783,1.890994,0.250000,0.433013,1.294204
1.074648,1.894423,0.250000,0.433013,1.432611
1.076480,1.897795,0.250000,0.433013,1.441548
1.078289,1.901141,0.250000,0.433013,1.474529
1.080093,1.904506,0.250000,0.433013,1.676440
1.081885,1.907868,0.250000,0.433013,1.865158
1.083656,1.911193,0.250000,0.433013,1.978164
1.085418,1.914449,0.250000,0.433013,1.901310
1.087172,1.917626,0.250000,0.433013,1.372112
1.088914,1.920762,0.250000,0.433013,0.942967
1.090683,1.923930,0.250000,0.433013,0.954970
1.092597,1.927250,0.250000,0.433013,0.209854
1.094665,1.930771,0.250000,0.433013,0.067430
1.096840,1.934445,0.250000,0.433013,0.638361
1.099052,1.938253,0.250000,0.433013,0.395253
1.101214,1.942114,0.250000,0.433013,0.208595
1.103313,1.945927,0.250000,0.433013,1.305275
1.105442,1.949688,0.250000,0.433013,1.119452
1.107634,1.953539,0.250000,0.433013,0.314884
1.109875,1.957626,0.250000,0.433013,0.535295
1.112201,1.961831,0.250000,0.433013,1.867345
1.114567,1.966077,0.250000,0.433013,0.851701
1.116820,1.970317,0.250000,0.433013,1.699838
1.118973,1.974427,0.250000,0.433013,2.812457
1.121217,1.978379,0.250000,0.433013,1.597168
1.123532,1.982427,0.250000,0.433013,0.470907
1.125840,1.986627,0.250000,0.433013,0.657485
1.128173,1.990879,0.250000,0.433013,1.232343
1.130483,1.995091,0.250000,0.433013,0.957794
1.132702,1.999256,0.250000,0.433013,1.477781
1.134883,2.003427,0.250000,0.433013,2.317959
1.137094,2.007564,0.250000,0.433013,2.365255
1.139331,2.011694,0.250000,0.433013,1.494992
1.141623,2.015685,0.250000,0.433013,0.584241
1.143865,2.019598,0.250000,0.433013,0.307219
1.146092,2.023568,0.250000,0.433013,0.556385
1.148333,2.027566,0.250000,0.433013,0.671996
1.150593,2.031571,0.250000,0.433013,0.658174
1.152855,2.035549,0.250000,0.433013,0.391884
1.155103,2.039503,0.250000,0.433013,0.301998
1.157341,2.043448,0.250000,0.433013,0.404808
1.159579,2.047400,0.250000,0.433013,0.420595
1.161822,2.051374,0.250000,0.433013,0.462513
1.164067,2.055374,0.250000,0.433013,0.608445
1.166313,2.059387,0.250000,0.433013,0.737828
1.168558,2.063392,0.250000,0.433013,0.742544
1.170795,2.067372,0.250000,0.433013,0.662976
1.173018,2.071320,0.250000,0.433013,0.588739
1.175216,2.075247,0.250000,0.433013,0.545006
1.177388,2.079165,0.250000,0.433013,0.905736
1.179535,2.083066,0.250000,0.433013,0.982736
1.181660,2.086959,0.250000,0.433013,1.302056
1.183748,2.090820,0.250000,0.433013,1.351898
1.185792,2.094620,0.250000,0.433013,1.723173
1.187817,2.098372,0.250000,0.433013,1.660667
1.189811,2.102080,0.250000,0.433013,1.561989
1.191766,2.105742,0.250000,0.433013,1.778303
1.193685,2.109346,0.250000,0.433013,1.982532
1.195599,2.112946,0.250000,0.433013,1.982304
1.197502,2.116559,0.250000,0.433013,2.021535
1.199366,2.120128,0.250000,0.433013,2.352303
1.201201,2.123637,0.250000,0.433013,2.594491
1.203022,2.127092,0.250000,0.433013,2.331627
1.204840,2.130549,0.250000,0.433013,2.145006
1.206768,2.134099,0.250000,0.433013,2.322513
1.208822,2.137815,0.250000,0.433013,1.085800
1.210944,2.141647,0.250000,0.433013,1.219936
1.213091,2.145551,0.250000,0.433013,1.086896
1.215201,2.149471,0.250000,0.433013,1.413126
1.217302,2.153349,0.250000,0.433013,2.019064
1.219476,2.157246,0.250000,0.433013,1.275773
1.221661,2.161340,0.250000,0.433013,1.208005
1.223835,2.165536,0.250000,0.433013,2.782477
1.226174,2.169786,0.250000,0.433013,2.238804
1.228528,2.174036,0.250000,0.433013,0.800023
1.230769,2.178221,0.250000,0.433013,1.844145
1.232869,2.182326,0.250000,0.433013,2.317324
1.235062,2.186286,0.250000,0.433013,3.261843
1.237363,2.190260,0.250000,0.433013,0.758625
1.239646,2.194358,0.250000,0.433013,0.166480
1.241897,2.198502,0.250000,0.433013,1.083524
1.244133,2.202687,0.250000,0.433013,1.472207
1.246354,2.206863,0.250000,0.433013,1.877475
1.248526,2.210981,0.250000,0.433013,2.273396
1.250698,2.215077,0.250000,0.433013,2.105319
1.252875,2.219215,0.250000,0.433013,2.147768
1.255112,2.223296,0.250000,0.433013,2.347541
1.257352,2.227219,0.250000,0.433013,0.416285
1.259555,2.231136,0.250000,0.433013,0.072542
1.261744,2.235085,0.250000,0.433013,1.098238
1.263942,2.239064,0.250000,0.433013,1.108437
1.266160,2.243052,0.250000,0.433013,0.961421
1.268382,2.247027,0.250000,0.433013,0.816001
1.270599,2.250989,0.250000,0.433013,0.711483
1.272809,2.254942,0.250000,0.433013,0.751469
1.275018,2.258905,0.250000,0.433013,0.793439
1.277234,2.262892,0.250000,0.433013,0.854901
1.279460,2.266907,0.250000,0.433013,0.953467
1.281692,2.270946,0.250000,0.433013,0.999899
1.283929,2.275001,0.250000,0.433013,1.101283
1.286170,2.279057,0.250000,0.433013,1.103266
1.288411,2.283093,0.250000,0.433013,1.001451
1.290648,2.287103,0.250000,0.433013,0.859366
1.292871,2.291091,0.250000,0.433013,0.739656
1.295068,2.295064,0.250000,0.433013,0.929414
1.297238,2.299016,0.250000,0.433013,1.040470
1.299384,2.302956,0.250000,0.433013,1.361413
1.301504,2.306878,0.250000,0.433013,1.388471
1.303592,2.310786,0.250000,0.433013,1.766460
1.305655,2.314659,0.250000,0.433013,1.941872
1.307690,2.318479,0.250000,0.433013,1.889312
1.309692,2.322242,0.250000,0.433013,1.915738
1.311653,2.325954,0.250000,0.433013,2.109735
1.313625,2.329636,0.250000,0.433013,2.185797
1.315620,2.333347,0.250000,0.433013,1.562564
1.317567,2.337048,0.250000,0.433013,1.867010
1.319457,2.340678,0.250000,0.433013,2.529289
1.321318,2.344238,0.250000,0.433013,2.520489
1.323163,2.347764,0.250000,0.433013,2.333183
1.325032,2.351315,0.250000,0.433013,2.160105
1.326904,2.354914,0.250000,0.433013,2.330398
1.328765,2.358538,0.250000,0.433013,2.724568
1.330609,2.362173,0.250000,0.433013,2.929074
1.332431,2.365805,0.250000,0.433013,3.318062
1.334241,2.369418,0.250000,0.433013,3.475664
1.336032,2.372975,0.250000,0.433013,3.488195
1.337838,2.376495,0.250000,0.433013,3.272291
1.339766,2.380124,0.250000,0.433013,2.621904
1.341933,2.383915,0.250000,0.433013,1.691104
1.344263,2.387889,0.250000,0.433013,0.619626
1.346477,2.391916,0.250000,0.433013,0.293700
1.348572,2.395937,0.250000,0.433013,2.237261
1.350733,2.399950,0.250000,0.433013,2.578255
1.352937,2.403993,0.250000,0.433013,1.463519
1.355138,2.408059,0.250000,0.433013,1.309191
1.357351,2.412189,0.250000,0.433013,1.865260
1.359655,2.416334,0.250000,0.433013,1.805991
1.361916,2.420440,0.250000,0.433013,0.825658
1.364201,2.424538,0.250000,0.433013,1.533978
1.366450,2.428581,0.250000,0.433013,0.795140
1.368648,2.432641,0.250000,0.433013,1.019712
1.370908,2.436670,0.250000,0.433013,1.956611
1.373191,2.440704,0.250000,0.433013,0.083713
1.375456,2.444782,0.250000,0.433013,0.635704
1.377699,2.448868,0.250000,0.433013,1.212106
1.379935,2.452941,0.250000,0.433013,1.004635
1.382165,2.457033,0.250000,0.433013,1.379283
1.384380,2.461085,0.250000,0.433013,1.555413
1.386591,2.465068,0.250000,0.433013,1.169347
1.388811,2.469040,0.250000,0.433013,0.791395
1.391043,2.473021,0.250000,0.433013,0.836633
1.393278,2.476991,0.250000,0.433013,0.718210
1.395499,2.480961,0.250000,0.433013,0.539342
1.397724,2.484935,0.250000,0.433013,0.819728
1.400026,2.488937,0.250000,0.433013,0.473113
1.402369,2.492975,0.250000,0.433013,0.338617
1.404662,2.497053,0.250000,0.433013,0.173360
1.406905,2.501153,0.250000,0.433013,1.098518
1.409136,2.505271,0.250000,0.433013,1.600327
1.411381,2.509339,0.250000,0.433013,1.234233
1.413674,2.513396,0.250000,0.433013,1.064308
1.415940,2.517433,0.250000,0.433013,0.642718
1.418178,2.521496,0.250000,0.433013,0.519393
1.420479,2.525594,0.250000,0.433013,1.112636
1.422774,2.529690,0.250000,0.433013,0.785184
1.425062,2.533787,0.250000,0.433013,0.687805
1.427295,2.537874,0.250000,0.433013,1.054036
1.429531,2.541942,0.250000,0.433013,1.717715
1.431764,2.545960,0.250000,0.433013,0.865764
1.434031,2.549994,0.250000,0.433013,0.620460
1.436273,2.554030,0.250000,0.433013,0.670670
1.438535,2.558089,0.250000,0.433013,0.952519
1.440781,2.562117,0.250000,0.433013,0.797398
1.443019,2.566108,0.250000,0.433013,0.899376
1.445258,2.570107,0.250000,0.433013,0.466769
1.447469,2.574120,0.250000,0.433013,0.932740
1.449652,2.578132,0.250000,0.433013,1.299805
1.451810,2.582136,0.250000,0.433013,1.531678
1.453939,2.586130,0.250000,0.433013,1.732088
1.456039,2.590108,0.250000,0.433013,2.079953
1.458122,2.594053,0.250000,0.433013,2.181646
1.460182,2.597967,0.250000,0.433013,2.097988
1.462215,2.601860,0.250000,0.433013,2.296042
1.464221,2.605736,0.250000,0.433013,2.516195
1.466207,2.609583,0.250000,0.433013,2.706919
1.468175,2.613410,0.250000,0.433013,2.662509
1.470120,2.617221,0.250000,0.433013,2.885387
1.472039,2.621015,0.250000,0.433013,3.036033
1.473949,2.624833,0.250000,0.433013,3.438510
1.475895,2.628680,0.250000,0.433013,3.526254
1.477982,2.632576,0.250000,0.433013,2.958201
1.480248,2.636599,0.250000,0.433013,0.761773
1.482454,2.640676,0.250000,0.433013,0.773239
1.484608,2.644740,0.250000,0.433013,2.503273
1.486830,2.648809,0.250000,0.433013,1.928405
1.489078,2.652920,0.250000,0.433013,1.087826
1.491297,2.656989,0.250000,0.433013,1.553621
1.493589,2.661131,0.250000,0.433013,1.528444
1.495959,2.665295,0.250000,0.433013,0.329055
1.498274,2.669421,0.250000,0.433013,0.506003
1.500582,2.673500,0.250000,0.433013,0.414179
1.502820,2.677591,0.250000,0.433013,0.741764
1.505025,2.681674,0.250000,0.433013,1.864462
1.507308,2.685728,0.250000,0.433013,1.207730
1.509626,2.689796,0.250000,0.433013,0.014300
1.511898,2.693879,0.250000,0.433013,0.548292
1.514137,2.697977,0.250000,0.433013,1.157433
1.516389,2.702080,0.250000,0.433013,1.103090
1.518623,2.706185,0.250000,0.433013,1.316276
1.520851,2.710262,0.250000,0.433013,1.467761
1.523080,2.714296,0.250000,0.433013,1.166816
1.525303,2.718300,0.250000,0.433013,0.994971
1.527516,2.722290,0.250000,0.433013,0.907109
1.529709,2.726276,0.250000,0.433013,0.998743
1.531873,2.730259,0.250000,0.433013,1.288325
1.534008,2.734243,0.250000,0.433013,1.600953
1.536109,2.738218,0.250000,0.433013,1.942593
1.538179,2.742162,0.250000,0.433013,2.248584
1.540218,2.746057,0.250000,0.433013,2.315985
1.542220,2.749897,0.250000,0.433013,2.340895
1.544179,2.753686,0.250000,0.433013,2.536258
1.546105,2.757435,0.250000,0.433013,2.704813
1.547999,2.761155,0.250000,0.433013,2.874557
1.549858,2.764830,0.250000,0.433013,3.103908
1.551685,2.768462,0.250000,0.433013,3.259896
1.553470,2.772050,0.250000,0.433013,3.412227
1.555229,2.775633,0.250000,0.433013,3.744354
1.557064,2.779306,0.250000,0.433013,3.547434
1.558930,2.783038,0.250000,0.433013,3.373262
1.560800,2.786788,0.250000,0.433013,3.618797
1.562688,2.790580,0.250000,0.433013,3.478770
1.564578,2.794380,0.250000,0.433013,3.704711
1.566538,2.798165,0.250000,0.433013,3.568767
1.568594,2.802071,0.250000,0.433013,2.269615
1.570696,2.806138,0.250000,0.433013,2.651455
1.572915,2.810271,0.250000,0.433013,2.825993
1.575152,2.814474,0.250000,0.433013,1.583974
1.577297,2.818686,0.250000,0.433013,3.090201
1.579362,2.822879,0.250000,0.433013,3.038036
1.581501,2.826978,0.250000,0.433013,4.524620
1.583738,2.831164,0.250000,0.433013,0.826218
1.585931,2.835445,0.250000,0.433013,2.440457
1.588100,2.839680,0.250000,0.433013,2.920082
1.590242,2.843853,0.250000,0.433013,2.597448
1.592359,2.848092,0.250000,0.433013,2.772057
1.594534,2.852357,0.250000,0.433013,3.526735
1.596731,2.856543,0.250000,0.433013,2.664536
1.598990,2.860717,0.250000,0.433013,1.936520
1.601276,2.864813,0.250000,0.433013,1.572247
1.603571,2.868838,0.250000,0.433013,0.196229
1.605788,2.872921,0.250000,0.433013,0.376218
1.607967,2.877043,0.250000,0.433013,2.516003
1.610171,2.881110,0.250000,0.433013,2.116823
1.612409,2.885122,0.250000,0.433013,0.771205
1.614638,2.889130,0.250000,0.433013,0.816257
1.616854,2.893138,0.250000,0.433013,0.941118
1.619056,2.897147,0.250000,0.433013,1.150195
1.621265,2.901167,0.250000,0.433013,1.212940
1.623484,2.905208,0.250000,0.433013,1.249251
1.625712,2.909276,0.250000,0.433013,1.275535
1.627949,2.913369,0.250000,0.433013,1.320191
1.630187,2.917475,0.250000,0.433013,1.376022
1.632407,2.921576,0.250000,0.433013,1.453186
1.634599,2.925688,0.250000,0.433013,1.712901
1.636809,2.929781,0.250000,0.433013,1.706426
1.639040,2.933850,0.250000,0.433013,1.537133
1.641277,2.937916,0.250000,0.433013,1.173987
1.643531,2.941990,0.250000,0.433013,1.062062
1.645783,2.946069,0.250000,0.433013,0.934544
1.648015,2.950141,0.250000,0.433013,1.176181
1.650221,2.954204,0.250000,0.433013,1.287642
1.652391,2.958256,0.250000,0.433013,1.663156
1.654534,2.962308,0.250000,0.433013,1.898986
1.656647,2.966354,0.250000,0.433013,2.286907
1.658737,2.970374,0.250000,0.433013,2.478244
1.660808,2.974355,0.250000,0.433013,2.511551
1.662864,2.978295,0.250000,0.433013,2.465582
1.664907,2.982202,0.250000,0.433013,2.373342
1.666939,2.986094,0.250000,0.433013,2.352884
1.668953,2.989980,0.250000,0.433013,2.492623
1.670945,2.993851,0.250000,0.433013,2.714490
1.672916,2.997687,0.250000,0.433013,2.813857
1.674906,3.001507,0.250000,0.433013,2.549187
1.676876,3.005332,0.250000,0.433013,2.500766
1.678794,3.009136,0.250000,0.433013,3.033168
1.680680,3.012927,0.250000,0.433013,3.471397
1.682547,3.016682,0.250000,0.433013,3.674649
1.684408,3.020394,0.250000,0.433013,3.630765
1.686293,3.024070,0.250000,0.433013,3.262207
1.688284,3.027783,0.250000,0.433013,2.561828
1.690616,3.031664,0.250000,0.433013,1.441646
1.693024,3.035714,0.250000,0.433013,1.828691
1.695224,3.039781,0.250000,0.433013,0.743687
1.697352,3.043855,0.250000,0.433013,2.559682
1.699561,3.047932,0.250000,0.433013,2.295853
1.701784,3.052012,0.250000,0.433013,1.381733
1.703996,3.056093,0.250000,0.433013,1.451546
1.706252,3.060243,0.250000,0.433013,1.793684
1.708622,3.064421,0.250000,0.433013,0.448611
1.710924,3.068545,0.250000,0.433013,0.603816
1.713223,3.072589,0.250000,0.433013,0.574506
1.715461,3.076622,0.250000,0.433013,0.320864
1.717636,3.080710,0.250000,0.433013,1.534876
1.719885,3.084784,0.250000,0.433013,1.981596
1.722131,3.088840,0.250000,0.433013,0.651307
1.724343,3.092927,0.250000,0.433013,1.266002
1.726568,3.096993,0.250000,0.433013,1.789900
1.728769,3.101031,0.250000,0.433013,1.017102
1.730981,3.105105,0.250000,0.433013,1.447832
1.733186,3.109151,0.250000,0.433013,1.517298
1.735392,3.113162,0.250000,0.433013,1.347967
1.737592,3.117165,0.250000,0.433013,0.997705
1.739773,3.121172,0.250000,0.433013,1.264514
1.741922,3.125184,0.250000,0.433013,1.532275
1.744043,3.129196,0.250000,0.433013,2.063595
1.746159,3.133206,0.250000,0.433013,2.118275
1.748270,3.137204,0.250000,0.433013,2.167060
1.750360,3.141174,0.250000,0.433013,2.113377
1.752430,3.145132,0.250000,0.433013,2.405951
1.754539,3.149086,0.250000,0.433013,2.310864
1.756702,3.153100,0.250000,0.433013,1.541604
1.758813,3.157108,0.250000,0.433013,1.868244
1.760889,3.161061,0.250000,0.433013,2.502736
1.763107,3.165002,0.250000,0.433013,2.143934
1.765321,3.168989,0.250000,0.433013,0.269721
1.767516,3.173047,0.250000,0.433013,1.642173
1.769842,3.177171,0.250000,0.433013,1.070844
1.772157,3.181272,0.250000,0.433013,0.347100
1.774458,3.185323,0.250000,0.433013,1.055940
1.776707,3.189361,0.250000,0.433013,0.241725
1.778883,3.193437,0.250000,0.433013,1.586740
1.781118,3.197465,0.250000,0.433013,1.635006
1.783442,3.201508,0.250000,0.433013,0.350223
1.785775,3.205567,0.250000,0.433013,0.446399
1.788031,3.209635,0.250000,0.433013,0.616730
1.790237,3.213714,0.250000,0.433013,1.237435
1.792412,3.217786,0.250000,0.433013,1.940469
1.794634,3.221820,0.250000,0.433013,1.510133
1.796873,3.225862,0.250000,0.433013,0.782130
1.799107,3.229911,0.250000,0.433013,1.127735
1.801344,3.233941,0.250000,0.433013,0.938457
1.803565,3.237946,0.250000,0.433013,1.058633
1.805781,3.241941,0.250000,0.433013,0.959776
1.807974,3.245944,0.250000,0.433013,0.915697
1.810119,3.249944,0.250000,0.433013,1.617277
1.812251,3.253941,0.250000,0.433013,1.891168
1.814366,3.257941,0.250000,0.433013,1.925065
1.816452,3.261922,0.250000,0.433013,2.227397
1.818511,3.265877,0.250000,0.433013,2.397216
1.820562,3.269803,0.250000,0.433013,2.618899
1.822651,3.273749,0.250000,0.433013,2.017749
1.824711,3.277694,0.250000,0.433013,2.226836
1.826759,3.281609,0.250000,0.433013,2.540958
1.828827,3.285552,0.250000,0.433013,2.449391
1.830944,3.289494,0.250000,0.433013,2.534807
1.833140,3.293436,0.250000,0.433013,1.193081
1.835370,3.297398,0.250000,0.433013,0.968379
1.837629,3.301425,0.250000,0.433013,0.268762
1.839796,3.305499,0.250000,0.433013,1.320205
1.841994,3.309546,0.250000,0.433013,2.351080
1.844248,3.313616,0.250000,0.433013,1.002162
1.846561,3.317649,0.250000,0.433013,0.052040
1.848813,3.321645,0.250000,0.433013,0.321138
1.851052,3.325749,0.250000,0.433013,0.916410
1.853297,3.329863,0.250000,0.433013,1.823064
1.855544,3.333948,0.250000,0.433013,1.757023
1.857775,3.337932,0.250000,0.433013,1.241754
1.860012,3.341890,0.250000,0.433013,0.193572
1.862224,3.345920,0.250000,0.433013,0.615970
1.864385,3.350020,0.250000,0.433013,1.967932
1.866594,3.354104,0.250000,0.433013,2.022778
1.868811,3.358144,0.250000,0.433013,1.076581
1.871011,3.362166,0.250000,0.433013,1.391891
1.873213,3.366189,0.250000,0.433013,1.224983
1.875396,3.370214,0.250000,0.433013,1.312579
1.877553,3.374232,0.250000,0.433013,1.700489
1.879695,3.378224,0.250000,0.433013,1.753179
1.881807,3.382189,0.250000,0.433013,1.724057
1.883884,3.386126,0.250000,0.433013,2.118581
1.885943,3.390030,0.250000,0.433013,2.203561
1.887984,3.393898,0.250000,0.433013,2.106908
1.889993,3.397734,0.250000,0.433013,2.181957
1.891971,3.401548,0.250000,0.433013,2.471536
1.893935,3.405347,0.250000,0.433013,2.668715
1.895884,3.409136,0.250000,0.433013,2.634345
1.897801,3.412896,0.250000,0.433013,2.900821
1.899701,3.416626,0.250000,0.433013,3.084306
1.901608,3.420388,0.250000,0.433013,3.038732
1.903534,3.424201,0.250000,0.433013,3.213080
1.905537,3.428104,0.250000,0.433013,2.929456
1.907553,3.432071,0.250000,0.433013,3.014781
1.909528,3.436023,0.250000,0.433013,3.296174
1.911534,3.439949,0.250000,0.433013,3.650748
1.913663,3.443878,0.250000,0.433013,2.280954
1.915806,3.447957,0.250000,0.433013,1.664887
1.917944,3.452131,0.250000,0.433013,2.982549
1.920238,3.456386,0.250000,0.433013,2.654767
1.922549,3.460643,0.250000,0.433013,1.216700
1.924763,3.464833,0.250000,0.433013,2.254238
1.926925,3.468941,0.250000,0.433013,1.825609
1.929041,3.472974,0.250000,0.433013,2.993110
1.931182,3.477011,0.250000,0.433013,2.018097
1.933373,3.481049,0.250000,0.433013,1.495777
1.935605,3.485075,0.250000,0.433013,1.263085
1.937817,3.489101,0.250000,0.433013,0.701682
1.939940,3.493123,0.250000,0.433013,1.766607
1.942073,3.497183,0.250000,0.433013,2.430938
1.944215,3.501278,0.250000,0.433013,2.434027
1.946425,3.505294,0.250000,0.433013,1.362012
1.948625,3.509269,0.250000,0.433013,0.948972
1.950842,3.513279,0.250000,0.433013,0.996619
1.953060,3.517344,0.250000,0.433013,1.078213
1.955317,3.521451,0.250000,0.433013,1.360544
1.957592,3.525548,0.250000,0.433013,0.907064
1.959848,3.529611,0.250000,0.433013,0.940944
1.962093,3.533657,0.250000,0.433013,0.931952
1.964330,3.537692,0.250000,0.433013,0.963157
1.966559,3.541725,0.250000,0.433013,0.993916
1.968770,3.545761,0.250000,0.433013,1.117518
1.970951,3.549793,0.250000,0.433013,1.397774
1.973096,3.553811,0.250000,0.433013,1.741687
1.975205,3.557797,0.250000,0.433013,2.015611
1.977282,3.561761,0.250000,0.433013,2.154633
1.979319,3.565705,0.250000,0.433013,2.478363
1.981322,3.569616,0.250000,0.433013,2.819377
1.983319,3.573530,0.250000,0.433013,2.914604
1.985304,3.577440,0.250000,0.433013,2.940249
1.987253,3.581311,0.250000,0.433013,3.187636
1.989198,3.585160,0.250000,0.433013,3.287170
1.991144,3.589041,0.250000,0.433013,3.208961
1.993097,3.592947,0.250000,0.433013,3.620518
1.995170,3.596940,0.250000,0.433013,2.851713
1.997275,3.601011,0.250000,0.433013,2.542618
1.999328,3.605056,0.250000,0.433013,2.812375
2.001410,3.609078,0.250000,0.433013,3.212884
2.003624,3.613115,0.250000,0.433013,1.662702
2.005771,3.617200,0.250000,0.433013,1.480004
2.007934,3.621343,0.250000,0.433013,3.109964
2.010217,3.625500,0.250000,0.433013,1.560863
2.012477,3.629646,0.250000,0.433013,1.221129
2.014707,3.633735,0.250000,0.433013,1.839712
2.016897,3.637816,0.250000,0.433013,1.332142
2.019070,3.641865,0.250000,0.433013,2.326835
2.021239,3.645921,0.250000,0.433013,1.572498
2.023494,3.649992,0.250000,0.433013,1.507828
2.025704,3.654035,0.250000,0.433013,1.051193
2.027872,3.658094,0.250000,0.433013,1.472323
2.029987,3.662189,0.250000,0.433013,2.194193
2.032118,3.666298,0.250000,0.433013,3.088775
2.034284,3.670351,0.250000,0.433013,2.307680
2.036475,3.674386,0.250000,0.433013,1.480445
2.038672,3.678448,0.250000,0.433013,1.401809
2.040883,3.682536,0.250000,0.433013,1.618898
2.043082,3.686599,0.250000,0.433013,1.484231
2.045260,3.690625,0.250000,0.433013,1.681071
2.047422,3.694646,0.250000,0.433013,1.438312
2.049545,3.698667,0.250000,0.433013,1.951719
2.051642,3.702687,0.250000,0.433013,2.317746
2.053710,3.706701,0.250000,0.433013,2.491816
2.055739,3.710689,0.250000,0.433013,2.911581
2.057730,3.714634,0.250000,0.433013,3.094047
2.059686,3.718529,0.250000,0.433013,3.267502
2.061603,3.722349,0.250000,0.433013,3.354944
2.063482,3.726093,0.250000,0.433013,3.385731
2.065353,3.729778,0.250000,0.433013,3.301416
2.067289,3.733509,0.250000,0.433013,2.616021
2.069216,3.737251,0.250000,0.433013,2.526782
2.071091,3.740941,0.250000,0.433013,2.990980
2.072951,3.744637,0.250000,0.433013,3.119879
2.074793,3.748321,0.250000,0.433013,3.381226
2.076599,3.751935,0.250000,0.433013,3.633533
2.078426,3.755567,0.250000,0.433013,3.515356
2.080341,3.759270,0.250000,0.433013,3.197536
2.082409,3.763061,0.250000,0.433013,2.224666
2.084595,3.767007,0.250000,0.433013,0.987404
2.086721,3.770994,0.250000,0.433013,1.227252
2.088756,3.774968,0.250000,0.433013,2.672494
2.090917,3.778980,0.250000,0.433013,2.300460
2.093110,3.783041,0.250000,0.433013,1.481104
2.095271,3.787140,0.250000,0.433013,1.794426
2.097429,3.791311,0.250000,0.433013,2.701350
2.099660,3.795485,0.250000,0.433013,2.022839
2.101856,3.799586,0.250000,0.433013,1.970140
2.104070,3.803630,0.250000,0.433013,1.685681
2.106255,3.807682,0.250000,0.433013,1.112061
2.108395,3.811768,0.250000,0.433013,2.114287
2.110565,3.815810,0.250000,0.433013,2.069311
2.112772,3.819870,0.250000,0.433013,1.131145
2.114963,3.823970,0.250000,0.433013,1.682701
2.117141,3.828104,0.250000,0.433013,2.048933
2.119311,3.832220,0.250000,0.433013,2.097683
2.121462,3.836314,0.250000,0.433013,2.270292
2.123629,3.840396,0.250000,0.433013,2.053471
2.125781,3.844457,0.250000,0.433013,1.864702
2.127920,3.848512,0.250000,0.433013,2.291691
2.130045,3.852547,0.250000,0.433013,2.020335
2.132130,3.856570,0.250000,0.433013,2.373926
2.134189,3.860599,0.250000,0.433013,2.774543
2.136219,3.864605,0.250000,0.433013,3.001200
2.138220,3.868570,0.250000,0.433013,3.190772
2.140194,3.872492,0.250000,0.433013,3.185688
2.142137,3.876376,0.250000,0.433013,3.308419
2.144052,3.880227,0.250000,0.433013,3.475629
2.145939,3.884046,0.250000,0.433013,3.613034
2.147797,3.887828,0.250000,0.433013,3.759574
2.149626,3.891564,0.250000,0.433013,3.863828
2.151420,3.895248,0.250000,0.433013,3.976736
2.153199,3.898924,0.250000,0.433013,4.160400
2.155059,3.902689,0.250000,0.433013,3.960942
2.156954,3.906518,0.250000,0.433013,3.600529
2.158850,3.910369,0.250000,0.433013,3.855088
2.160757,3.914255,0.250000,0.433013,3.832429
2.162688,3.918119,0.250000,0.433013,3.973501
2.164709,3.922033,0.250000,0.433013,3.176911
2.166758,3.926104,0.250000,0.433013,2.911203
2.168869,3.930251,0.250000,0.433013,3.866117
2.171078,3.934429,0.250000,0.433013,2.472432
2.173264,3.938657,0.250000,0.433013,2.455173
2.175330,3.942833,0.250000,0.433013,3.392378
2.177356,3.946962,0.250000,0.433013,3.787314
2.179462,3.951017,0.250000,0.433013,3.563689
2.181635,3.955185,0.250000,0.433013,1.792727
2.183792,3.959381,0.250000,0.433013,2.551472
2.185954,3.963517,0.250000,0.433013,2.167096
2.188068,3.967619,0.250000,0.433013,2.505328
2.190152,3.971728,0.250000,0.433013,2.830857
2.192247,3.975913,0.250000,0.433013,3.325181
2.194380,3.980042,0.250000,0.433013,3.611896
2.196496,3.984041,0.250000,0.433013,2.087904
2.198619,3.988035,0.250000,0.433013,2.053047
2.200748,3.992063,0.250000,0.433013,1.880554
2.202842,3.996158,0.250000,0.433013,2.350961
2.204924,4.000285,0.250000,0.433013,3.429932
2.207036,4.004391,0.250000,0.433013,2.968371
2.209171,4.008477,0.250000,0.433013,2.500601
2.211312,4.012537,0.250000,0.433013,2.305773
2.213457,4.016574,0.250000,0.433013,2.076010
2.215599,4.020589,0.250000,0.433013,1.930767
2.217734,4.024593,0.250000,0.433013,1.844168
2.219860,4.028583,0.250000,0.433013,1.944003
2.221969,4.032529,0.250000,0.433013,1.798322
2.224050,4.036444,0.250000,0.433013,1.806548
2.226093,4.040347,0.250000,0.433013,2.106636
2.228112,4.044259,0.250000,0.433013,2.567350
2.230123,4.048206,0.250000,0.433013,2.819500
2.232143,4.052146,0.250000,0.433013,3.076758
2.234148,4.056080,0.250000,0.433013,2.712989
2.236159,4.060044,0.250000,0.433013,3.208878
2.238180,4.064045,0.250000,0.433013,3.112291
2.240154,4.068050,0.250000,0.433013,3.437596
2.242078,4.072006,0.250000,0.433013,4.030335
2.244101,4.075949,0.250000,0.433013,3.995054
2.246188,4.079916,0.250000,0.433013,2.607095
2.248264,4.083992,0.250000,0.433013,2.283006
2.250435,4.088185,0.250000,0.433013,3.342169
2.252621,4.092331,0.250000,0.433013,2.161489
2.254811,4.096445,0.250000,0.433013,2.718976
2.256948,4.100548,0.250000,0.433013,2.149032
2.259068,4.104597,0.250000,0.433013,2.651408
2.261238,4.108666,0.250000,0.433013,2.092927
2.263494,4.112793,0.250000,0.433013,1.561872
2.265692,4.116917,0.250000,0.433013,1.615670
2.267839,4.121036,0.250000,0.433013,2.242752
2.269954,4.125193,0.250000,0.433013,2.717494
2.272069,4.129325,0.250000,0.433013,3.047925
2.274230,4.133401,0.250000,0.433013,2.473154
2.276400,4.137445,0.250000,0.433013,1.521442
2.278524,4.141547,0.250000,0.433013,1.993631
2.280651,4.145675,0.250000,0.433013,3.268645
2.282779,4.149774,0.250000,0.433013,2.504880
2.284915,4.153848,0.250000,0.433013,2.525390
2.287040,4.157895,0.250000,0.433013,2.293705
2.289160,4.161936,0.250000,0.433013,2.293973
2.291263,4.165965,0.250000,0.433013,2.306928
2.293339,4.169982,0.250000,0.433013,2.507011
2.295380,4.173984,0.250000,0.433013,2.756877
2.297376,4.177969,0.250000,0.433013,3.128458
2.299337,4.181944,0.250000,0.433013,3.563436
2.301269,4.185888,0.250000,0.433013,3.836549
